symbol,tf,direction,variant,rr,trades,winrate,avg_r,sum_r,pf,gross_win,gross_loss,h1_sum_r,h2_sum_r,h1_trades,h2_trades
US100,M15,long,00_base_div,1.5,199,0.4020100502512563,-0.0028249714179362975,-0.5621693121693232,0.9953371002249163,120.0,120.56216931216932,-4.5,3.937830687830677,102,97
US100,M15,long,00_base_hid,1.5,76,0.4605263157894737,0.1513157894736842,11.5,1.2804878048780488,52.5,41.0,-1.5,13.0,34,42
US100,M15,long,02_fib_deep,1.5,52,0.3269230769230769,-0.18269230769230768,-9.5,0.7285714285714285,25.5,35.0,-8.5,-1.0,26,26
US100,M15,long,04a_hvn,1.5,35,0.4,0.0,0.0,1.0,21.0,21.0,-1.5,1.5,19,16
US100,M15,long,04b_avwap,1.5,11,0.36363636363636365,-0.09090909090909091,-1.0,0.8571428571428571,6.0,7.0,-1.5,0.5,9,2
US100,M15,long,05_triple_reg,1.5,116,0.39655172413793105,-0.022087666484218303,-2.562169312169323,0.9641965952570192,69.0,71.56216931216932,-8.5,5.937830687830677,56,60
US100,M15,long,05_triple_hid,1.5,369,0.4173441734417344,0.04314363143631423,15.919999999999952,1.074018969685698,231.0,215.08000000000004,9.0,6.919999999999952,191,178
US100,M15,long,06_ma200,1.5,396,0.4217171717171717,0.05409090909090897,21.419999999999952,1.0935044525929805,250.5,229.08000000000004,4.0,17.419999999999952,201,195
US100,M15,long,06_ma200_bb,1.5,48,0.4583333333333333,0.14583333333333334,7.0,1.2692307692307692,33.0,26.0,-2.5,9.5,20,28
US100,M15,long,10_wave5,1.5,156,0.3974358974358974,-0.007626536048809702,-1.1897396236143134,0.9873686918727183,93.0,94.18973962361432,-2.1897396236143134,1.0,77,79
US100,M15,long,11_mtf,1.5,21,0.2857142857142857,-0.2857142857142857,-6.0,0.6,9.0,15.0,0.0,-6.0,10,11
US100,M15,long,12_obv,1.5,487,0.4086242299794661,0.017415320208782108,8.481260941676886,1.0292438377230901,298.5,290.01873905832315,5.4812609416768865,3.0,235,252
US100,M15,long,12_obv_bb,1.5,333,0.3993993993993994,-0.006993992296422818,-2.3289994347087983,0.9884605312356898,199.5,201.8289994347088,3.1710005652912017,-5.5,160,173
US100,M15,long,03_reentry,1.5,289,0.3737024221453287,-0.0657439446366782,-19.0,0.8950276243093923,162.0,181.0,-12.0,-7.0,147,142
US100,M15,long,07_bos,1.5,217,0.4147465437788018,0.030287618973901042,6.572413317336526,1.0521864755535562,132.51334432716556,125.94093100982901,-0.593270142180085,7.165683459516611,113,104
US100,M15,long,07_retest,1.5,195,0.4358974358974359,0.07715801959130673,15.045813820304813,1.1367788598361037,125.04683180169138,110.00101798138658,5.900290481659136,9.145523338645678,99,96
US100,M15,long,08_choch,1.5,46,0.5217391304347826,0.30434782608695654,14.0,1.6363636363636365,36.0,22.0,7.5,6.5,25,21
US100,M15,long,00_base_div,2.5,195,0.3076923076923077,0.06891195224528551,13.437830687830676,1.0984008291279628,150.0,136.56216931216932,1.5,11.937830687830676,100,95
US100,M15,long,00_base_hid,2.5,75,0.41333333333333333,0.44666666666666666,33.5,1.7613636363636365,77.5,44.0,9.0,24.5,33,42
US100,M15,long,02_fib_deep,2.5,52,0.25,-0.125,-6.5,0.8333333333333334,32.5,39.0,-8.5,2.0,26,26
US100,M15,long,04a_hvn,2.5,35,0.2857142857142857,0.0,0.0,1.0,25.0,25.0,-1.5,1.5,19,16
US100,M15,long,04b_avwap,2.5,11,0.2727272727272727,-0.045454545454545456,-0.5,0.9375,7.5,8.0,-2.0,1.5,9,2
US100,M15,long,05_triple_reg,2.5,114,0.2807017543859649,-0.031247099229555465,-3.562169312169323,0.9573710287622876,80.0,83.56216931216932,-7.0,3.437830687830677,56,58
US100,M15,long,05_triple_hid,2.5,353,0.3087818696883853,0.07764779614037937,27.409672037553918,1.1122343479487038,271.6278863232682,244.21821428571428,-11.638214285714248,39.047886323268166,183,170
US100,M15,long,06_ma200,2.5,380,0.3157894736842105,0.10468890977443607,39.781785714285704,1.1528785593409927,300.0,260.2182142857143,-9.138214285714248,48.91999999999995,191,189
US100,M15,long,06_ma200_bb,2.5,48,0.3958333333333333,0.3854166666666667,18.5,1.6379310344827587,47.5,29.0,1.0,17.5,20,28
US100,M15,long,10_wave5,2.5,154,0.2987012987012987,0.04422246997653042,6.810260376385685,1.062947377450747,115.0,108.18973962361432,3.310260376385685,3.5,77,77
US100,M15,long,11_mtf,2.5,21,0.23809523809523808,-0.16666666666666666,-3.5,0.78125,12.5,16.0,0.5,-4.0,10,11
US100,M15,long,12_obv,2.5,467,0.31263383297644537,0.08989563370808755,41.98126094167689,1.1299654040631273,365.0,323.01873905832315,24.481260941676886,17.5,222,245
US100,M15,long,12_obv_bb,2.5,324,0.3148148148148148,0.09620679186818272,31.1710005652912,1.1392625649223966,255.0,223.8289994347088,23.6710005652912,7.5,153,171
US100,M15,long,03_reentry,2.5,285,0.2631578947368421,-0.07894736842105263,-22.5,0.8928571428571429,187.5,210.0,-14.5,-8.0,144,141
US100,M15,long,07_bos,2.5,198,0.31313131313131315,0.017283834410347695,3.4221992132488435,1.025309031819216,138.638719453684,135.21652024043516,4.6138778293812965,-1.191678616132451,99,99
US100,M15,long,07_retest,2.5,186,0.3118279569892473,0.04319151158570565,8.033621154941251,1.061804506518048,138.01801238368273,129.9843912287415,5.417673055115612,2.615948099825639,95,91
US100,M15,long,08_choch,2.5,46,0.41304347826086957,0.44565217391304346,20.5,1.7592592592592593,47.5,27.0,13.5,7.0,25,21
US100,M15,short,00_base_div,1.5,163,0.294478527607362,-0.26512228298587026,-43.21493212669685,0.6249189985272459,72.0,115.21493212669685,-28.0,-15.214932126696848,78,85
US100,M15,short,00_base_hid,1.5,36,0.4166666666666667,-0.0066999176817698685,-0.24119703654371527,0.9893938284710286,22.5,22.741197036543717,-6.741197036543715,6.5,20,16
US100,M15,short,02_fib_deep,1.5,57,0.42105263157894735,0.048860839882511456,2.785067873303153,1.083849873986785,36.0,33.21493212669685,5.5,-2.714932126696847,22,35
US100,M15,short,04a_hvn,1.5,47,0.2553191489361702,-0.3662751516318478,-17.214932126696848,0.5111468037263087,18.0,35.21493212669685,-6.5,-10.714932126696848,19,28
US100,M15,short,04b_avwap,1.5,5,0.6,0.5,2.5,2.25,4.5,2.0,-1.0,3.5,1,4
US100,M15,short,05_triple_reg,1.5,174,0.3735632183908046,-0.06609195402298851,-11.5,0.8944954128440367,97.5,109.0,-19.0,7.5,69,105
US100,M15,short,05_triple_hid,1.5,318,0.42452830188679247,0.06132075471698113,19.5,1.1065573770491803,202.5,183.0,-3.5,23.0,151,167
US100,M15,short,06_ma200,1.5,242,0.45041322314049587,0.12603305785123967,30.5,1.2293233082706767,163.5,133.0,8.5,22.0,124,118
US100,M15,short,06_ma200_bb,1.5,14,0.5,0.25,3.5,1.5,10.5,7.0,2.0,1.5,8,6
US100,M15,short,10_wave5,1.5,249,0.3815261044176707,-0.059505080805570355,-14.816765120587018,0.9058157272098137,142.5,157.31676512058704,-11.5,-3.316765120587019,104,145
US100,M15,short,11_mtf,1.5,63,0.3333333333333333,-0.16666666666666666,-10.5,0.75,31.5,42.0,-2.5,-8.0,25,38
US100,M15,short,12_obv,1.5,457,0.33916849015317285,-0.15933718364468172,-72.81709292561955,0.7615033857820759,232.5,305.3170929256196,-46.11477088948787,-26.702322036131676,189,268
US100,M15,short,12_obv_bb,1.5,252,0.3412698412698413,-0.14614961514359018,-36.82970301618472,0.7779064766666668,129.0,165.82970301618474,-27.114770889487875,-9.714932126696848,120,132
US100,M15,short,03_reentry,1.5,276,0.2898550724637681,-0.28799554415338957,-79.48677018633552,0.6015436506787444,120.0,199.48677018633555,-27.612857142857266,-51.87391304347826,132,144
US100,M15,short,07_bos,1.5,272,0.41911764705882354,0.02163259755448963,5.88406653482118,1.036105403776286,168.85320465275126,162.96913811793007,-18.196726770412383,24.080793305233566,124,148
US100,M15,short,07_retest,1.5,243,0.43209876543209874,0.0514225648753202,12.495683264702809,1.0866752825105144,156.66231189019348,144.16662862549066,-9.425561469315493,21.921244734018302,110,133
US100,M15,short,08_choch,1.5,88,0.4318181818181818,0.07129270361866355,6.273757918442392,1.12684606929673,55.73337423312884,49.45961631468645,-1.9596163146864474,8.23337423312884,45,43
US100,M15,short,00_base_div,2.5,162,0.2222222222222222,-0.2235489637450423,-36.21493212669685,0.7130693530750891,90.0,126.21493212669685,-18.5,-17.714932126696848,78,84
US100,M15,short,00_base_hid,2.5,36,0.3611111111111111,0.21552230454045235,7.758802963456285,1.3135985276701134,32.5,24.741197036543717,-0.7411970365437148,8.5,20,16
US100,M15,short,02_fib_deep,2.5,57,0.2807017543859649,-0.02131459871397977,-1.214932126696847,0.9705220398528842,40.0,41.21493212669685,2.5,-3.714932126696847,22,35
US100,M15,short,04a_hvn,2.5,47,0.14893617021276595,-0.4832964282275925,-22.714932126696848,0.4351617440225033,17.5,40.21493212669685,-8.5,-14.214932126696848,19,28
US100,M15,short,04b_avwap,2.5,5,0.6,1.1,5.5,3.75,7.5,2.0,-1.0,6.5,1,4
US100,M15,short,05_triple_reg,2.5,172,0.27906976744186046,-0.023255813953488372,-4.0,0.967741935483871,120.0,124.0,-16.5,12.5,69,103
US100,M15,short,05_triple_hid,2.5,308,0.3116883116883117,0.08083199221527784,24.896253602305578,1.1157406787154518,240.0,215.1037463976944,0.0,24.896253602305578,147,161
US100,M15,short,06_ma200,2.5,234,0.33760683760683763,0.18162393162393162,42.5,1.2741935483870968,197.5,155.0,19.0,23.5,121,113
US100,M15,short,06_ma200_bb,2.5,14,0.5,0.75,10.5,2.5,17.5,7.0,6.0,4.5,8,6
US100,M15,short,10_wave5,2.5,245,0.2816326530612245,-0.03377770224657773,-8.275537050411543,0.9542220303397367,172.5,180.77553705041154,-8.5,0.2244629495884567,103,142
US100,M15,short,11_mtf,2.5,62,0.22580645161290322,-0.23320599886813748,-14.458771929824524,0.7076601103169401,35.0,49.45877192982452,3.0,-17.458771929824522,25,37
US100,M15,short,12_obv,2.5,453,0.23841059602649006,-0.1790181786626583,-81.0952349341842,0.7690221146140415,270.0,351.0952349341842,-59.434140968228014,-21.6610939659562,188,265
US100,M15,short,12_obv_bb,2.5,251,0.23904382470119523,-0.16266813950671205,-40.82970301618472,0.7860411541240943,150.0,190.82970301618474,-31.114770889487875,-9.714932126696848,119,132
US100,M15,short,03_reentry,2.5,276,0.2246376811594203,-0.22640134125483885,-62.48677018633553,0.7126870285820194,155.0,217.48677018633555,-5.612857142857267,-56.87391304347826,132,144
US100,M15,short,07_bos,2.5,257,0.3229571984435798,0.09214560754615596,23.68142113936208,1.1329166964722888,201.8488129560806,178.1673918167185,8.1498608870726,15.53156025228948,122,135
US100,M15,short,07_retest,2.5,231,0.30303030303030304,0.025955338808237274,5.99568326470281,1.0358665082498921,173.16231189019348,167.16662862549066,-8.425561469315491,14.4212447340183,108,123
US100,M15,short,08_choch,2.5,88,0.3181818181818182,0.09401997634593627,8.273757918442392,1.1391491979136565,67.73337423312884,59.45961631468645,1.0403836853135529,7.233374233128839,45,43
US100,M30,long,00_base_div,1.5,109,0.3761467889908257,-0.05963302752293578,-6.5,0.9044117647058824,61.5,68.0,2.5,-9.0,55,54
US100,M30,long,00_base_hid,1.5,46,0.391304347826087,-0.021739130434782608,-1.0,0.9642857142857143,27.0,28.0,8.0,-9.0,22,24
US100,M30,long,02_fib_deep,1.5,22,0.36363636363636365,-0.09090909090909091,-2.0,0.8571428571428571,12.0,14.0,-3.0,1.0,13,9
US100,M30,long,04a_hvn,1.5,25,0.44,0.1,2.5,1.1785714285714286,16.5,14.0,4.0,-1.5,11,14
US100,M30,long,04b_avwap,1.5,4,0.25,-0.375,-1.5,0.5,1.5,3.0,-1.0,-0.5,1,3
US100,M30,long,05_triple_reg,1.5,68,0.38235294117647056,-0.04411764705882353,-3.0,0.9285714285714286,39.0,42.0,-0.5,-2.5,33,35
US100,M30,long,05_triple_hid,1.5,209,0.39712918660287083,-0.007177033492822967,-1.5,0.9880952380952381,124.5,126.0,-2.0,0.5,102,107
US100,M30,long,06_ma200,1.5,210,0.3619047619047619,-0.09523809523809523,-20.0,0.8507462686567164,114.0,134.0,-11.0,-9.0,91,119
US100,M30,long,06_ma200_bb,1.5,34,0.38235294117647056,-0.04411764705882353,-1.5,0.9285714285714286,19.5,21.0,3.5,-5.0,14,20
US100,M30,long,10_wave5,1.5,78,0.358974358974359,-0.10256410256410256,-8.0,0.84,42.0,50.0,-6.5,-1.5,34,44
US100,M30,long,11_mtf,1.5,25,0.4,0.0,0.0,1.0,15.0,15.0,-2.5,2.5,10,15
US100,M30,long,12_obv,1.5,260,0.4307692307692308,0.07692307692307693,20.0,1.135135135135135,168.0,148.0,1.0,19.0,124,136
US100,M30,long,12_obv_bb,1.5,196,0.4489795918367347,0.12244897959183673,24.0,1.2222222222222223,132.0,108.0,12.5,11.5,100,96
US100,M30,long,03_reentry,1.5,154,0.2922077922077922,-0.2694805194805195,-41.5,0.6192660550458715,67.5,109.0,-12.5,-29.0,75,79
US100,M30,long,07_bos,1.5,118,0.4067796610169492,0.016047834101340086,1.89364442395813,1.027052063199402,71.89364442395814,70.0,5.393644423958129,-3.5,57,61
US100,M30,long,07_retest,1.5,102,0.39215686274509803,-0.0196078431372549,-2.0,0.967741935483871,60.0,62.0,3.5,-5.5,49,53
US100,M30,long,08_choch,1.5,21,0.5714285714285714,0.3180720843043283,6.679513770390894,1.7283974977477048,15.849663024122236,9.170149253731344,6.849663024122238,-0.17014925373134382,11,10
US100,M30,long,00_base_div,2.5,108,0.2777777777777778,-0.06889550264550229,-7.440714285714248,0.9097446649973578,75.0,82.44071428571425,1.0592857142857524,-8.5,54,54
US100,M30,long,00_base_hid,2.5,46,0.3695652173913043,0.29347826086956524,13.5,1.4655172413793103,42.5,29.0,16.5,-3.0,22,24
US100,M30,long,02_fib_deep,2.5,22,0.22727272727272727,-0.40639610389610215,-8.940714285714247,0.5830029649865087,12.5,21.440714285714247,-13.940714285714247,5.0,13,9
US100,M30,long,04a_hvn,2.5,25,0.36,0.26,6.5,1.40625,22.5,16.0,6.5,0.0,11,14
US100,M30,long,04b_avwap,2.5,4,0.25,-0.125,-0.5,0.8333333333333334,2.5,3.0,-1.0,0.5,1,3
US100,M30,long,05_triple_reg,2.5,67,0.3283582089552239,0.08297441364605602,5.559285714285753,1.1124434748688914,55.0,49.44071428571425,1.0592857142857532,4.5,33,34
US100,M30,long,05_triple_hid,2.5,206,0.32038834951456313,0.12135922330097088,25.0,1.1785714285714286,165.0,140.0,7.5,17.5,101,105
US100,M30,long,06_ma200,2.5,201,0.30845771144278605,0.06890446958754616,13.84979838709678,1.099638837317243,152.84979838709677,139.0,4.5,9.34979838709678,90,111
US100,M30,long,06_ma200_bb,2.5,34,0.38235294117647056,0.3382352941176471,11.5,1.5476190476190477,32.5,21.0,10.5,1.0,14,20
US100,M30,long,10_wave5,2.5,78,0.2564102564102564,-0.20052856954528084,-15.641228424531906,0.7617163968447862,50.0,65.6412284245319,-13.940714285714247,-1.7005141388176606,34,44
US100,M30,long,11_mtf,2.5,25,0.32,-0.008020565552706423,-0.20051413881766056,0.9900738101297952,20.0,20.20051413881766,0.5,-0.7005141388176606,10,15
US100,M30,long,12_obv,2.5,254,0.3543307086614173,0.20128331553233345,51.125962145212696,1.2978652775588355,222.7671905697446,171.6412284245319,19.559285714285753,31.566676430926947,123,131
US100,M30,long,12_obv_bb,2.5,193,0.36787564766839376,0.24797290971745128,47.8587715754681,1.3691632064665922,177.5,129.6412284245319,28.559285714285753,19.29948586118234,100,93
US100,M30,long,03_reentry,2.5,154,0.21428571428571427,-0.25,-38.5,0.6818181818181818,82.5,121.0,-19.0,-19.5,75,79
US100,M30,long,07_bos,2.5,108,0.3055555555555556,-0.0015193100532997247,-0.16408548575637028,0.997857577628127,76.42468053469429,76.58876602045065,-0.1905560042388892,0.026470518482518912,51,57
US100,M30,long,07_retest,2.5,95,0.30526315789473685,0.017872005646341588,1.6978405364024507,1.0249852191659574,69.6516385449373,67.95379800853486,3.0836544623117703,-1.3858139259093178,46,49
US100,M30,long,08_choch,2.5,21,0.47619047619047616,0.46092922716147117,9.679513770390894,1.866551874153113,20.849663024122236,11.170149253731344,9.349663024122238,0.3298507462686562,11,10
US100,M30,short,00_base_div,1.5,93,0.34408602150537637,-0.14145516946253706,-13.155330760015946,0.784886606015758,48.0,61.15533076001594,-6.655330760015947,-6.5,44,49
US100,M30,short,00_base_hid,1.5,16,0.4375,0.09375,1.5,1.1666666666666667,10.5,9.0,-2.5,4.0,10,6
US100,M30,short,02_fib_deep,1.5,29,0.3103448275862069,-0.22413793103448276,-6.5,0.675,13.5,20.0,-2.0,-4.5,12,17
US100,M30,short,04a_hvn,1.5,20,0.5,0.25,5.0,1.5,15.0,10.0,2.0,3.0,8,12
US100,M30,short,04b_avwap,1.5,5,0.8,1.0,5.0,6.0,6.0,1.0,-1.0,6.0,1,4
US100,M30,short,05_triple_reg,1.5,58,0.43103448275862066,0.07758620689655173,4.5,1.1363636363636365,37.5,33.0,2.0,2.5,23,35
US100,M30,short,05_triple_hid,1.5,130,0.3923076923076923,-0.019230769230769232,-2.5,0.9683544303797469,76.5,79.0,4.0,-6.5,66,64
US100,M30,short,06_ma200,1.5,110,0.42727272727272725,0.06818181818181818,7.5,1.119047619047619,70.5,63.0,6.0,1.5,64,46
US100,M30,short,06_ma200_bb,1.5,4,1.0,1.5,6.0,inf,6.0,-0.0,3.0,3.0,2,2
US100,M30,short,10_wave5,1.5,113,0.336283185840708,-0.17489402997987258,-19.7630253877256,0.7425449910565184,57.0,76.7630253877256,-6.47933076001593,-13.283694627709671,53,60
US100,M30,short,11_mtf,1.5,39,0.41025641025641024,0.02564102564102564,1.0,1.0434782608695652,24.0,23.0,-5.0,6.0,15,24
US100,M30,short,12_obv,1.5,259,0.37065637065637064,-0.08378972174363623,-21.701537931601784,0.8690323686641959,144.0,165.7015379316018,-13.335460992907796,-8.366076938693986,117,142
US100,M30,short,12_obv_bb,1.5,152,0.3092105263157895,-0.23959107436771127,-36.41784330389211,0.6593847932343544,70.5,106.91784330389211,-19.335460992907798,-17.082382310984315,73,79
US100,M30,short,03_reentry,1.5,156,0.32051282051282054,-0.1987179487179487,-31.0,0.7075471698113207,75.0,106.0,-20.0,-11.0,75,81
US100,M30,short,07_bos,1.5,144,0.4305555555555556,0.07249345651580155,10.439057738275423,1.128395438201305,91.74301903562699,81.30396129735158,6.378647378832843,4.060410359442579,72,72
US100,M30,short,07_retest,1.5,121,0.4380165289256198,0.08415754503100982,10.183062948752188,1.1487524735036114,78.63949065652389,68.4564277077717,-0.5,10.683062948752188,58,63
US100,M30,short,08_choch,1.5,57,0.38596491228070173,-0.05114035087719311,-2.915000000000007,0.9188361408882081,33.0,35.915000000000006,3.5,-6.415000000000007,29,28
US100,M30,short,00_base_div,2.5,93,0.25806451612903225,-0.09844441677436501,-9.155330760015946,0.8676120747395897,60.0,69.15533076001594,-2.1553307600159473,-7.0,44,49
US100,M30,short,00_base_hid,2.5,16,0.3125,0.09375,1.5,1.1363636363636365,12.5,11.0,0.5,1.0,10,6
US100,M30,short,02_fib_deep,2.5,29,0.2413793103448276,-0.15517241379310345,-4.5,0.7954545454545454,17.5,22.0,-1.5,-3.0,12,17
US100,M30,short,04a_hvn,2.5,20,0.35,0.225,4.5,1.3461538461538463,17.5,13.0,6.0,-1.5,8,12
US100,M30,short,04b_avwap,2.5,5,0.4,0.4,2.0,1.6666666666666667,5.0,3.0,-1.0,3.0,1,4
US100,M30,short,05_triple_reg,2.5,58,0.3448275862068966,0.20689655172413793,12.0,1.3157894736842106,50.0,38.0,8.5,3.5,23,35
US100,M30,short,05_triple_hid,2.5,121,0.32231404958677684,0.128099173553719,15.5,1.1890243902439024,97.5,82.0,14.0,1.5,63,58
US100,M30,short,06_ma200,2.5,104,0.33653846153846156,0.1778846153846154,18.5,1.2681159420289856,87.5,69.0,11.5,7.0,62,42
US100,M30,short,06_ma200_bb,2.5,4,0.5,0.75,3.0,2.5,5.0,2.0,1.5,1.5,2,2
US100,M30,short,10_wave5,2.5,113,0.2831858407079646,-0.02445155210376638,-2.763025387725601,0.9666152200843133,80.0,82.7630253877256,-1.4793307600159293,-1.2836946277096715,53,60
US100,M30,short,11_mtf,2.5,39,0.28205128205128205,-0.01282051282051282,-0.5,0.9821428571428571,27.5,28.0,-4.5,4.0,15,24
US100,M30,short,12_obv,2.5,253,0.25296442687747034,-0.13508958786188732,-34.177665729057495,0.8219140668085642,157.7390405293631,191.91670625842062,-23.050629319726617,-11.127036409330879,116,137
US100,M30,short,12_obv_bb,2.5,150,0.20666666666666667,-0.30452535183019336,-45.678802774529004,0.622232736489283,75.23904052936311,120.91784330389211,-25.335460992907798,-20.343341781621206,73,77
US100,M30,short,03_reentry,2.5,156,0.1987179487179487,-0.30448717948717946,-47.5,0.62,77.5,125.0,-29.5,-18.0,75,81
US100,M30,short,07_bos,2.5,134,0.30597014925373134,0.03379203993934624,4.5281333518723965,1.04901225077579,96.91591967465632,92.38778632278394,12.147014725771621,-7.6188813738992245,67,67
US100,M30,short,07_retest,2.5,118,0.2966101694915254,0.022010772160232887,2.5972711149074805,1.0312765136727333,85.63949065652389,83.0422195416164,-2.0,4.59727111490748,58,60
US100,M30,short,08_choch,2.5,55,0.3090909090909091,0.06518181818181806,3.5849999999999937,1.0921238596942051,42.5,38.915000000000006,7.0,-3.415000000000007,28,27
US100,H1,long,00_base_div,1.5,59,0.2542372881355932,-0.3644067796610169,-21.5,0.5113636363636364,22.5,44.0,-15.0,-6.5,30,29
US100,H1,long,00_base_hid,1.5,32,0.4375,0.09375,3.0,1.1666666666666667,21.0,18.0,2.5,0.5,20,12
US100,H1,long,02_fib_deep,1.5,25,0.2,-0.5,-12.5,0.375,7.5,20.0,-9.0,-3.5,14,11
US100,H1,long,04a_hvn,1.5,12,0.3333333333333333,-0.16666666666666666,-2.0,0.75,6.0,8.0,-0.5,-1.5,8,4
US100,H1,long,04b_avwap,1.5,4,0.25,-0.375,-1.5,0.5,1.5,3.0,-2.0,0.5,2,2
US100,H1,long,05_triple_reg,1.5,39,0.358974358974359,-0.10256410256410256,-4.0,0.84,21.0,25.0,-5.5,1.5,18,21
US100,H1,long,05_triple_hid,1.5,101,0.39603960396039606,-0.009900990099009901,-1.0,0.9836065573770492,60.0,61.0,2.0,-3.0,48,53
US100,H1,long,06_ma200,1.5,103,0.3883495145631068,-0.02912621359223301,-3.0,0.9523809523809523,60.0,63.0,2.0,-5.0,48,55
US100,H1,long,06_ma200_bb,1.5,20,0.35,-0.125,-2.5,0.8076923076923077,10.5,13.0,-1.0,-1.5,11,9
US100,H1,long,10_wave5,1.5,33,0.45454545454545453,0.13636363636363635,4.5,1.25,22.5,18.0,0.5,4.0,17,16
US100,H1,long,11_mtf,1.5,9,0.3333333333333333,-0.16666666666666666,-1.5,0.75,4.5,6.0,-0.5,-1.0,3,6
US100,H1,long,12_obv,1.5,128,0.375,-0.0625,-8.0,0.9,72.0,80.0,-6.5,-1.5,64,64
US100,H1,long,12_obv_bb,1.5,95,0.3684210526315789,-0.07894736842105263,-7.5,0.875,52.5,60.0,-2.5,-5.0,50,45
US100,H1,long,03_reentry,1.5,78,0.23076923076923078,-0.4230769230769231,-33.0,0.45,27.0,60.0,-11.5,-21.5,39,39
US100,H1,long,07_bos,1.5,68,0.3235294117647059,-0.19117647058823528,-13.0,0.717391304347826,33.0,46.0,-8.0,-5.0,33,35
US100,H1,long,07_retest,1.5,63,0.30158730158730157,-0.24603174603174602,-15.5,0.6477272727272727,28.5,44.0,-9.5,-6.0,32,31
US100,H1,long,08_choch,1.5,7,0.42857142857142855,0.07142857142857142,0.5,1.125,4.5,4.0,-1.5,2.0,4,3
US100,H1,long,00_base_div,2.5,59,0.15254237288135594,-0.4661016949152542,-27.5,0.45,22.5,50.0,-23.0,-4.5,30,29
US100,H1,long,00_base_hid,2.5,32,0.34375,0.203125,6.5,1.3095238095238095,27.5,21.0,1.0,5.5,20,12
US100,H1,long,02_fib_deep,2.5,25,0.16,-0.44,-11.0,0.47619047619047616,10.0,21.0,-7.0,-4.0,14,11
US100,H1,long,04a_hvn,2.5,12,0.16666666666666666,-0.4166666666666667,-5.0,0.5,5.0,10.0,-1.0,-4.0,8,4
US100,H1,long,04b_avwap,2.5,4,0.25,-0.125,-0.5,0.8333333333333334,2.5,3.0,-2.0,1.5,2,2
US100,H1,long,05_triple_reg,2.5,39,0.20512820512820512,-0.28205128205128205,-11.0,0.6451612903225806,20.0,31.0,-11.0,0.0,18,21
US100,H1,long,05_triple_hid,2.5,101,0.3069306930693069,0.07425742574257425,7.5,1.1071428571428572,77.5,70.0,1.0,6.5,48,53
US100,H1,long,06_ma200,2.5,103,0.2815533980582524,-0.014563106796116505,-1.5,0.9797297297297297,72.5,74.0,-2.5,1.0,48,55
US100,H1,long,06_ma200_bb,2.5,20,0.25,-0.125,-2.5,0.8333333333333334,12.5,15.0,-4.0,1.5,11,9
US100,H1,long,10_wave5,2.5,33,0.30303030303030304,0.06060606060606061,2.0,1.0869565217391304,25.0,23.0,0.5,1.5,17,16
US100,H1,long,11_mtf,2.5,9,0.3333333333333333,0.16666666666666666,1.5,1.25,7.5,6.0,0.5,1.0,3,6
US100,H1,long,12_obv,2.5,127,0.2755905511811024,-0.03543307086614173,-4.5,0.9510869565217391,87.5,92.0,-8.0,3.5,64,63
US100,H1,long,12_obv_bb,2.5,95,0.2631578947368421,-0.07894736842105263,-7.5,0.8928571428571429,62.5,70.0,-1.0,-6.5,50,45
US100,H1,long,03_reentry,2.5,76,0.14473684210526316,-0.4934210526315789,-37.5,0.4230769230769231,27.5,65.0,-14.5,-23.0,39,37
US100,H1,long,07_bos,2.5,63,0.20634920634920634,-0.2777777777777778,-17.5,0.65,32.5,50.0,-13.5,-4.0,31,32
US100,H1,long,07_retest,2.5,60,0.18333333333333332,-0.35833333333333334,-21.5,0.5612244897959183,27.5,49.0,-13.5,-8.0,31,29
US100,H1,long,08_choch,2.5,7,0.14285714285714285,-0.3706080833272208,-2.5942565832905453,0.4907487401007919,2.5,5.094256583290545,-0.5,-2.0942565832905453,4,3
US100,H1,short,00_base_div,1.5,58,0.27586206896551724,-0.3103448275862069,-18.0,0.5714285714285714,24.0,42.0,-10.0,-8.0,30,28
US100,H1,short,00_base_hid,1.5,16,0.4375,0.09375,1.5,1.1666666666666667,10.5,9.0,0.5,1.0,12,4
US100,H1,short,02_fib_deep,1.5,15,0.2,-0.5,-7.5,0.375,4.5,12.0,-5.5,-2.0,8,7
US100,H1,short,04a_hvn,1.5,9,0.3333333333333333,-0.16666666666666666,-1.5,0.75,4.5,6.0,0.0,-1.5,5,4
US100,H1,short,04b_avwap,1.5,2,0.0,-1.0,-2.0,0.0,0.0,2.0,-2.0,0.0,2,0
US100,H1,short,05_triple_reg,1.5,51,0.27450980392156865,-0.32850099563768714,-16.753550777522044,0.5562390706969771,21.0,37.753550777522044,-11.753550777522044,-5.0,31,20
US100,H1,short,05_triple_hid,1.5,76,0.3815789473684211,-0.046052631578947366,-3.5,0.925531914893617,43.5,47.0,10.5,-14.0,42,34
US100,H1,short,06_ma200,1.5,63,0.3968253968253968,-0.007936507936507936,-0.5,0.9868421052631579,37.5,38.0,7.0,-7.5,33,30
US100,H1,short,06_ma200_bb,1.5,10,0.3,-0.25,-2.5,0.6428571428571429,4.5,7.0,-3.5,1.0,6,4
US100,H1,short,10_wave5,1.5,65,0.26153846153846155,-0.3701245912480963,-24.05809843112626,0.5145475877255221,25.5,49.55809843112626,-5.253550777522043,-18.804547653604217,32,33
US100,H1,short,11_mtf,1.5,18,0.3333333333333333,-0.16666666666666666,-3.0,0.75,9.0,12.0,-2.0,-1.0,12,6
US100,H1,short,12_obv,1.5,144,0.3333333333333333,-0.1718996581772364,-24.753550777522044,0.7441587354820591,72.0,96.75355077752204,-8.253550777522044,-16.5,70,74
US100,H1,short,12_obv_bb,1.5,85,0.35294117647058826,-0.11764705882352941,-10.0,0.8181818181818182,45.0,55.0,-1.0,-9.0,41,44
US100,H1,short,03_reentry,1.5,93,0.3225806451612903,-0.1935483870967742,-18.0,0.7142857142857143,45.0,63.0,-6.5,-11.5,49,44
US100,H1,short,07_bos,1.5,79,0.3924050632911392,-0.0189873417721519,-1.5,0.96875,46.5,48.0,0.0,-1.5,40,39
US100,H1,short,07_retest,1.5,64,0.40625,0.015625,1.0,1.0263157894736843,39.0,38.0,6.5,-5.5,31,33
US100,H1,short,08_choch,1.5,19,0.15789473684210525,-0.6052631578947368,-11.5,0.28125,4.5,16.0,-4.5,-7.0,7,12
US100,H1,short,00_base_div,2.5,58,0.2413793103448276,-0.15517241379310345,-9.0,0.7954545454545454,35.0,44.0,-5.5,-3.5,30,28
US100,H1,short,00_base_hid,2.5,16,0.3125,0.09375,1.5,1.1363636363636365,12.5,11.0,-1.5,3.0,12,4
US100,H1,short,02_fib_deep,2.5,15,0.2,-0.3,-4.5,0.625,7.5,12.0,-4.5,0.0,8,7
US100,H1,short,04a_hvn,2.5,9,0.2222222222222222,-0.2222222222222222,-2.0,0.7142857142857143,5.0,7.0,-1.5,-0.5,5,4
US100,H1,short,04b_avwap,2.5,2,0.0,-1.0,-2.0,0.0,0.0,2.0,-2.0,0.0,2,0
US100,H1,short,05_triple_reg,2.5,51,0.23529411764705882,-0.19124609367690282,-9.753550777522044,0.75464956999421,30.0,39.753550777522044,-10.753550777522044,1.0,31,20
US100,H1,short,05_triple_hid,2.5,73,0.273972602739726,-0.0410958904109589,-3.0,0.9433962264150944,50.0,53.0,10.0,-13.0,39,34
US100,H1,short,06_ma200,2.5,58,0.3103448275862069,0.08620689655172414,5.0,1.125,45.0,40.0,10.5,-5.5,28,30
US100,H1,short,06_ma200_bb,2.5,10,0.2,-0.3,-3.0,0.625,5.0,8.0,-6.0,3.0,6,4
US100,H1,short,10_wave5,2.5,65,0.18461538461538463,-0.37781689894040404,-24.55809843112626,0.5498725370326419,30.0,54.55809843112626,-8.253550777522044,-16.304547653604217,32,33
US100,H1,short,11_mtf,2.5,18,0.16666666666666666,-0.4166666666666667,-7.5,0.5,7.5,15.0,-5.0,-2.5,12,6
US100,H1,short,12_obv,2.5,142,0.2605633802816901,-0.09333486463043693,-13.253550777522044,0.8746751226783481,92.5,105.75355077752204,-7.753550777522043,-5.5,70,72
US100,H1,short,12_obv_bb,2.5,84,0.2857142857142857,0.0,0.0,1.0,60.0,60.0,1.0,-1.0,41,43
US100,H1,short,03_reentry,2.5,93,0.22580645161290322,-0.21412025031981563,-19.913183279742853,0.7250061055482774,52.5,72.41318327974285,-7.0,-12.913183279742855,49,44
US100,H1,short,07_bos,2.5,73,0.3013698630136986,-0.00521649492018252,-0.38080412917332396,0.9925332523691506,50.61919587082668,51.0,1.7860849821602307,-2.166889111333555,38,35
US100,H1,short,07_retest,2.5,61,0.2786885245901639,-0.02459016393442623,-1.5,0.9659090909090909,42.5,44.0,5.0,-6.5,30,31
US100,H1,short,08_choch,2.5,19,0.15789473684210525,-0.4473684210526316,-8.5,0.46875,7.5,16.0,-3.5,-5.0,7,12
US100,H2,long,00_base_div,1.5,24,0.5416666666666666,0.3541666666666667,8.5,1.7727272727272727,19.5,11.0,0.5,8.0,12,12
US100,H2,long,00_base_hid,1.5,14,0.35714285714285715,-0.10714285714285714,-1.5,0.8333333333333334,7.5,9.0,2.5,-4.0,10,4
US100,H2,long,02_fib_deep,1.5,10,0.5,0.25,2.5,1.5,7.5,5.0,-0.5,3.0,3,7
US100,H2,long,04a_hvn,1.5,5,0.4,0.0,0.0,1.0,3.0,3.0,-1.0,1.0,1,4
US100,H2,long,04b_avwap,1.5,2,0.5,0.25,0.5,1.5,1.5,1.0,-1.0,1.5,1,1
US100,H2,long,05_triple_reg,1.5,12,0.4166666666666667,0.041666666666666664,0.5,1.0714285714285714,7.5,7.0,1.5,-1.0,6,6
US100,H2,long,05_triple_hid,1.5,54,0.4074074074074074,0.015967055509629232,0.8622209975199786,1.0268288918613027,33.0,32.13777900248002,5.5,-4.637779002480022,27,27
US100,H2,long,06_ma200,1.5,62,0.3870967741935484,-0.03448030649161325,-2.1377790024800216,0.9439458967355963,36.0,38.13777900248002,3.5,-5.637779002480022,29,33
US100,H2,long,06_ma200_bb,1.5,7,0.42857142857142855,0.07142857142857142,0.5,1.125,4.5,4.0,2.5,-2.0,5,2
US100,H2,long,10_wave5,1.5,14,0.35714285714285715,-0.10714285714285714,-1.5,0.8333333333333334,7.5,9.0,-5.5,4.0,8,6
US100,H2,long,11_mtf,1.5,1,1.0,1.5,1.5,inf,1.5,-0.0,0.0,1.5,0,1
US100,H2,long,12_obv,1.5,55,0.4,0.0011288518384686061,0.062086851115773334,1.0018849661432745,33.0,32.937913148884235,0.5,-0.43791314888422644,22,33
US100,H2,long,12_obv_bb,1.5,41,0.43902439024390244,0.10894181933687366,4.46661459281182,1.198222083015851,27.0,22.53338540718818,4.0,0.46661459281182,16,25
US100,H2,long,03_reentry,1.5,34,0.3235294117647059,-0.19117647058823528,-6.5,0.717391304347826,16.5,23.0,-0.5,-6.0,13,21
US100,H2,long,07_bos,1.5,29,0.3793103448275862,-0.05172413793103448,-1.5,0.9166666666666666,16.5,18.0,-1.0,-0.5,11,18
US100,H2,long,07_retest,1.5,23,0.43478260869565216,0.08695652173913043,2.0,1.1538461538461537,15.0,13.0,2.0,0.0,8,15
US100,H2,long,08_choch,1.5,3,0.6666666666666666,0.6666666666666666,2.0,3.0,3.0,1.0,0.5,1.5,2,1
US100,H2,long,00_base_div,2.5,24,0.2916666666666667,0.020833333333333332,0.5,1.0294117647058822,17.5,17.0,-5.0,5.5,12,12
US100,H2,long,00_base_hid,2.5,14,0.2857142857142857,0.0,0.0,1.0,10.0,10.0,4.0,-4.0,10,4
US100,H2,long,02_fib_deep,2.5,10,0.3,0.05,0.5,1.0714285714285714,7.5,7.0,-3.0,3.5,3,7
US100,H2,long,04a_hvn,2.5,5,0.4,0.4,2.0,1.6666666666666667,5.0,3.0,-1.0,3.0,1,4
US100,H2,long,04b_avwap,2.5,2,0.5,0.75,1.5,2.5,2.5,1.0,-1.0,2.5,1,1
US100,H2,long,05_triple_reg,2.5,11,0.09090909090909091,-0.6818181818181818,-7.5,0.25,2.5,10.0,-1.5,-6.0,5,6
US100,H2,long,05_triple_hid,2.5,53,0.32075471698113206,0.10324243074028597,5.471848829235157,1.1477753724186854,42.5,37.02815117076484,3.609627831715178,1.8622209975199784,27,26
US100,H2,long,06_ma200,2.5,61,0.29508196721311475,0.030528213074098007,1.8622209975199784,1.0431691440909119,45.0,43.13777900248002,2.5,-0.6377790024800216,29,32
US100,H2,long,06_ma200_bb,2.5,7,0.2857142857142857,0.0,0.0,1.0,5.0,5.0,2.0,-2.0,5,2
US100,H2,long,10_wave5,2.5,14,0.2857142857142857,0.0,0.0,1.0,10.0,10.0,-8.0,8.0,8,6
US100,H2,long,11_mtf,2.5,1,1.0,2.5,2.5,inf,2.5,-0.0,0.0,2.5,0,1
US100,H2,long,12_obv,2.5,54,0.2777777777777778,-0.026628021275633827,-1.4379131488842267,0.9630716432237603,37.5,38.937913148884235,3.5,-4.937913148884227,21,33
US100,H2,long,12_obv_bb,2.5,41,0.34146341463414637,0.20650279494662976,8.46661459281182,1.3190928885583564,35.0,26.53338540718818,8.5,-0.033385407188180005,16,25
US100,H2,long,03_reentry,2.5,33,0.2727272727272727,-0.045454545454545456,-1.5,0.9375,22.5,24.0,1.0,-2.5,13,20
US100,H2,long,07_bos,2.5,28,0.2857142857142857,-0.00603508162556459,-0.16898228551580852,0.9915508857242095,19.83101771448419,20.0,2.8310177144841915,-3.0,11,17
US100,H2,long,07_retest,2.5,23,0.30434782608695654,0.06521739130434782,1.5,1.09375,17.5,16.0,2.5,-1.0,8,15
US100,H2,long,08_choch,2.5,3,0.6666666666666666,1.3333333333333333,4.0,5.0,5.0,1.0,1.5,2.5,2,1
US100,H2,short,00_base_div,1.5,26,0.46153846153846156,0.15384615384615385,4.0,1.2857142857142858,18.0,14.0,2.0,2.0,13,13
US100,H2,short,00_base_hid,1.5,7,0.5714285714285714,0.26821586970295525,1.8775110879206869,1.6258370293068956,4.877511087920687,3.0,-0.5,2.377511087920687,3,4
US100,H2,short,02_fib_deep,1.5,14,0.2857142857142857,-0.2857142857142857,-4.0,0.6,6.0,10.0,-1.0,-3.0,6,8
US100,H2,short,04a_hvn,1.5,6,0.16666666666666666,-0.5833333333333334,-3.5,0.3,1.5,5.0,-0.5,-3.0,3,3
US100,H2,short,04b_avwap,1.5,2,0.5,0.25,0.5,1.5,1.5,1.0,0.0,0.5,0,2
US100,H2,short,05_triple_reg,1.5,28,0.39285714285714285,-0.017857142857142856,-0.5,0.9705882352941176,16.5,17.0,5.5,-6.0,12,16
US100,H2,short,05_triple_hid,1.5,44,0.36363636363636365,-0.11642020254725712,-5.122488912079313,0.8170539674257389,22.877511087920688,28.0,-1.5,-3.622488912079313,24,20
US100,H2,short,06_ma200,1.5,30,0.4,-0.03741629706931044,-1.1224889120793131,0.9376395048844827,16.877511087920688,18.0,-1.0,-0.122488912079313,16,14
US100,H2,short,06_ma200_bb,1.5,3,0.6666666666666666,0.29250369597356235,0.877511087920687,1.8775110879206869,1.8775110879206869,1.0,-1.0,1.8775110879206869,1,2
US100,H2,short,10_wave5,1.5,50,0.34,-0.15,-7.5,0.7727272727272727,25.5,33.0,-10.0,2.5,25,25
US100,H2,short,11_mtf,1.5,16,0.375,-0.0625,-1.0,0.9,9.0,10.0,2.0,-3.0,8,8
US100,H2,short,12_obv,1.5,71,0.4225352112676056,0.056338028169014086,4.0,1.0975609756097562,45.0,41.0,12.5,-8.5,35,36
US100,H2,short,12_obv_bb,1.5,34,0.4117647058823529,0.029411764705882353,1.0,1.05,21.0,20.0,8.5,-7.5,19,15
US100,H2,short,03_reentry,1.5,48,0.25,-0.375,-18.0,0.5,18.0,36.0,-9.5,-8.5,27,21
US100,H2,short,07_bos,1.5,49,0.42857142857142855,0.06773070138660688,3.318804367943737,1.117766627480084,31.5,28.181195632056262,2.0,1.318804367943737,23,26
US100,H2,short,07_retest,1.5,42,0.4523809523809524,0.1263578624616733,5.307030223390278,1.2288206415351972,28.5,23.192969776609722,1.5,3.807030223390278,21,21
US100,H2,short,08_choch,1.5,9,0.3333333333333333,-0.1711679230853277,-1.5405113077679493,0.7449700481833567,4.5,6.040511307767949,1.5,-3.0405113077679493,1,8
US100,H2,short,00_base_div,2.5,26,0.34615384615384615,0.21153846153846154,5.5,1.3235294117647058,22.5,17.0,-2.5,8.0,13,13
US100,H2,short,00_base_hid,2.5,7,0.5714285714285714,0.6967872982743838,4.877511087920687,2.6258370293068958,7.877511087920687,3.0,0.5,4.377511087920687,3,4
US100,H2,short,02_fib_deep,2.5,14,0.2857142857142857,0.0,0.0,1.0,10.0,10.0,1.0,-1.0,6,8
US100,H2,short,04a_hvn,2.5,6,0.16666666666666666,-0.4166666666666667,-2.5,0.5,2.5,5.0,0.5,-3.0,3,3
US100,H2,short,04b_avwap,2.5,2,0.5,0.75,1.5,2.5,2.5,1.0,0.0,1.5,0,2
US100,H2,short,05_triple_reg,2.5,28,0.32142857142857145,0.125,3.5,1.1842105263157894,22.5,19.0,9.0,-5.5,12,16
US100,H2,short,05_triple_hid,2.5,43,0.2558139534883721,-0.15964037331037972,-6.864536052346328,0.7870936661533123,25.377511087920688,32.24204714026702,0.5,-7.364536052346328,24,19
US100,H2,short,06_ma200,2.5,29,0.2413793103448276,-0.2367081397360803,-6.864536052346328,0.691371211963724,15.377511087920688,22.242047140267015,-2.0,-4.864536052346328,16,13
US100,H2,short,06_ma200_bb,2.5,3,0.6666666666666666,0.6258370293068957,1.8775110879206869,2.877511087920687,2.877511087920687,1.0,-1.0,2.877511087920687,1,2
US100,H2,short,10_wave5,2.5,48,0.3125,0.09375,4.5,1.1363636363636365,37.5,33.0,-2.0,6.5,23,25
US100,H2,short,11_mtf,2.5,16,0.25,-0.125,-2.0,0.8333333333333334,10.0,12.0,2.5,-4.5,8,8
US100,H2,short,12_obv,2.5,71,0.323943661971831,0.13380281690140844,9.5,1.1979166666666667,57.5,48.0,14.0,-4.5,35,36
US100,H2,short,12_obv_bb,2.5,34,0.29411764705882354,0.029411764705882353,1.0,1.0416666666666667,25.0,24.0,5.5,-4.5,19,15
US100,H2,short,03_reentry,2.5,48,0.1875,-0.34375,-16.5,0.5769230769230769,22.5,39.0,-6.0,-10.5,27,21
US100,H2,short,07_bos,2.5,46,0.32608695652173914,0.12313840689993767,5.664366717397133,1.1816597023487387,36.845562349453395,31.181195632056262,7.0,-1.335633282602867,21,25
US100,H2,short,07_retest,2.5,41,0.3170731707317073,0.10504951764366531,4.307030223390278,1.1527696534816139,32.5,28.192969776609722,4.5,-0.19296977660972203,20,21
US100,H2,short,08_choch,2.5,9,0.1111111111111111,-0.6156123675297722,-5.54051130776795,0.31092550017120757,2.5,8.04051130776795,-1.0,-4.540511307767949,1,8
US100,H4,long,00_base_div,1.5,18,0.6111111111111112,0.5277777777777778,9.5,2.357142857142857,16.5,7.0,2.5,7.0,10,8
US100,H4,long,00_base_hid,1.5,5,0.2,-0.5,-2.5,0.375,1.5,4.0,-1.0,-1.5,1,4
US100,H4,long,02_fib_deep,1.5,6,0.6666666666666666,0.6666666666666666,4.0,3.0,6.0,2.0,0.5,3.5,2,4
US100,H4,long,04a_hvn,1.5,4,0.5,0.25,1.0,1.5,3.0,2.0,0.5,0.5,2,2
US100,H4,long,04b_avwap,1.5,1,1.0,1.5,1.5,inf,1.5,-0.0,1.5,0.0,1,0
US100,H4,long,05_triple_reg,1.5,7,0.2857142857142857,-0.2857142857142857,-2.0,0.6,3.0,5.0,-1.0,-1.0,6,1
US100,H4,long,05_triple_hid,1.5,34,0.3235294117647059,-0.19117647058823528,-6.5,0.717391304347826,16.5,23.0,-4.0,-2.5,19,15
US100,H4,long,06_ma200,1.5,42,0.3333333333333333,-0.16666666666666666,-7.0,0.75,21.0,28.0,-5.0,-2.0,20,22
US100,H4,long,06_ma200_bb,1.5,5,0.2,-0.5,-2.5,0.375,1.5,4.0,-1.0,-1.5,1,4
US100,H4,long,10_wave5,1.5,6,0.6666666666666666,0.6446708342980628,3.868025005788377,2.814291920069505,6.0,2.131974994211623,0.5,3.368025005788377,2,4
US100,H4,long,11_mtf,1.5,0,,,0.0,,0.0,0.0,0.0,0.0,0,0
US100,H4,long,12_obv,1.5,46,0.32608695652173914,-0.19198334989476368,-8.831234095159129,0.7181332191276943,22.5,31.33123409515913,-8.5,-0.3312340951591288,26,20
US100,H4,long,12_obv_bb,1.5,28,0.42857142857142855,0.07142857142857142,2.0,1.125,18.0,16.0,-0.5,2.5,18,10
US100,H4,long,03_reentry,1.5,21,0.38095238095238093,-0.047619047619047616,-1.0,0.9230769230769231,12.0,13.0,-3.5,2.5,11,10
US100,H4,long,07_bos,1.5,15,0.4,0.0920418641165789,1.3806279617486834,1.1811997044923856,9.0,7.619372038251316,2.0,-0.6193720382513165,8,7
US100,H4,long,07_retest,1.5,12,0.25,-0.2972706666188204,-3.567247999425845,0.5578110404341443,4.5,8.067247999425845,-1.0,-2.567247999425845,6,6
US100,H4,long,08_choch,1.5,1,0.0,-1.0,-1.0,0.0,0.0,1.0,-1.0,0.0,1,0
US100,H4,long,00_base_div,2.5,16,0.5,0.7353331367924525,11.76533018867924,2.4287555491908908,20.0,8.23466981132076,7.5,4.265330188679241,10,6
US100,H4,long,00_base_hid,2.5,5,0.2,-0.3,-1.5,0.625,2.5,4.0,-1.0,-0.5,1,4
US100,H4,long,02_fib_deep,2.5,6,0.6666666666666666,1.3333333333333333,8.0,5.0,10.0,2.0,1.5,6.5,2,4
US100,H4,long,04a_hvn,2.5,4,0.5,0.75,3.0,2.5,5.0,2.0,1.5,1.5,2,2
US100,H4,long,04b_avwap,2.5,1,1.0,2.5,2.5,inf,2.5,-0.0,2.5,0.0,1,0
US100,H4,long,05_triple_reg,2.5,7,0.2857142857142857,0.0,0.0,1.0,5.0,5.0,1.0,-1.0,6,1
US100,H4,long,05_triple_hid,2.5,34,0.2647058823529412,-0.07352941176470588,-2.5,0.9,22.5,25.0,2.0,-4.5,19,15
US100,H4,long,06_ma200,2.5,42,0.2619047619047619,-0.08333333333333333,-3.5,0.8870967741935484,27.5,31.0,1.0,-4.5,20,22
US100,H4,long,06_ma200_bb,2.5,5,0.2,-0.3,-1.5,0.625,2.5,4.0,-1.0,-0.5,1,4
US100,H4,long,10_wave5,2.5,4,0.75,1.625,6.5,7.5,7.5,1.0,1.5,5.0,2,2
US100,H4,long,11_mtf,2.5,0,,,0.0,,0.0,0.0,0.0,0.0,0,0
US100,H4,long,12_obv,2.5,45,0.26666666666666666,-0.07402742433686953,-3.331234095159129,0.900056683000437,30.0,33.33123409515913,-4.0,0.6687659048408712,25,20
US100,H4,long,12_obv_bb,2.5,28,0.35714285714285715,0.25,7.0,1.3888888888888888,25.0,18.0,3.0,4.0,18,10
US100,H4,long,03_reentry,2.5,21,0.23809523809523808,-0.16666666666666666,-3.5,0.78125,12.5,16.0,-0.5,-3.0,11,10
US100,H4,long,07_bos,2.5,13,0.38461538461538464,0.45235599705759105,5.880627961748684,1.888396652698525,12.5,6.619372038251317,7.0,-1.1193720382513166,7,6
US100,H4,long,07_retest,2.5,12,0.25,-0.0472706666188204,-0.5672479994258448,0.9296850673902405,7.5,8.067247999425845,1.0,-1.5672479994258448,6,6
US100,H4,long,08_choch,2.5,1,0.0,-1.0,-1.0,0.0,0.0,1.0,-1.0,0.0,1,0
US100,H4,short,00_base_div,1.5,13,0.6153846153846154,0.5384615384615384,7.0,2.4,12.0,5.0,5.0,2.0,5,8
US100,H4,short,00_base_hid,1.5,4,0.25,-0.375,-1.5,0.5,1.5,3.0,0.5,-2.0,2,2
US100,H4,short,02_fib_deep,1.5,8,0.5,0.25,2.0,1.5,6.0,4.0,3.5,-1.5,4,4
US100,H4,short,04a_hvn,1.5,3,0.0,-1.0,-3.0,0.0,0.0,3.0,-1.0,-2.0,1,2
US100,H4,short,04b_avwap,1.5,1,0.0,-1.0,-1.0,0.0,0.0,1.0,-1.0,0.0,1,0
US100,H4,short,05_triple_reg,1.5,14,0.5,0.25,3.5,1.5,10.5,7.0,3.5,0.0,4,10
US100,H4,short,05_triple_hid,1.5,19,0.21052631578947367,-0.47368421052631576,-9.0,0.4,6.0,15.0,-3.0,-6.0,8,11
US100,H4,short,06_ma200,1.5,11,0.36363636363636365,-0.09090909090909091,-1.0,0.8571428571428571,6.0,7.0,-2.0,1.0,7,4
US100,H4,short,06_ma200_bb,1.5,0,,,0.0,,0.0,0.0,0.0,0.0,0,0
US100,H4,short,10_wave5,1.5,25,0.44,0.1,2.5,1.1785714285714286,16.5,14.0,-3.5,6.0,11,14
US100,H4,short,11_mtf,1.5,7,0.42857142857142855,0.07142857142857142,0.5,1.125,4.5,4.0,0.5,0.0,2,5
US100,H4,short,12_obv,1.5,39,0.38461538461538464,-0.04868397267106182,-1.898674934171411,0.9221812274931278,22.5,24.39867493417141,0.6013250658285889,-2.5,14,25
US100,H4,short,12_obv_bb,1.5,20,0.4,-0.019933746708570555,-0.3986749341714111,0.967845359581721,12.0,12.39867493417141,-3.398674934171411,3.0,8,12
US100,H4,short,03_reentry,1.5,28,0.32142857142857145,-0.19642857142857142,-5.5,0.7105263157894737,13.5,19.0,-2.0,-3.5,12,16
US100,H4,short,07_bos,1.5,22,0.4090909090909091,0.005955198727537722,0.13101437200582988,1.010078028615833,13.13101437200583,13.0,-0.5,0.6310143720058299,13,9
US100,H4,short,07_retest,1.5,16,0.5,0.25,4.0,1.5,12.0,8.0,-1.5,5.5,9,7
US100,H4,short,08_choch,1.5,4,0.25,-0.375,-1.5,0.5,1.5,3.0,0.5,-2.0,2,2
US100,H4,short,00_base_div,2.5,13,0.5384615384615384,0.8846153846153846,11.5,2.9166666666666665,17.5,6.0,5.5,6.0,5,8
US100,H4,short,00_base_hid,2.5,4,0.25,-0.125,-0.5,0.8333333333333334,2.5,3.0,1.5,-2.0,2,2
US100,H4,short,02_fib_deep,2.5,8,0.25,-0.125,-1.0,0.8333333333333334,5.0,6.0,3.0,-4.0,4,4
US100,H4,short,04a_hvn,2.5,3,0.0,-1.0,-3.0,0.0,0.0,3.0,-1.0,-2.0,1,2
US100,H4,short,04b_avwap,2.5,1,0.0,-1.0,-1.0,0.0,0.0,1.0,-1.0,0.0,1,0
US100,H4,short,05_triple_reg,2.5,14,0.35714285714285715,0.25,3.5,1.3888888888888888,12.5,9.0,6.5,-3.0,4,10
US100,H4,short,05_triple_hid,2.5,19,0.21052631578947367,-0.2631578947368421,-5.0,0.6666666666666666,10.0,15.0,-1.0,-4.0,8,11
US100,H4,short,06_ma200,2.5,11,0.36363636363636365,0.2727272727272727,3.0,1.4285714285714286,10.0,7.0,0.0,3.0,7,4
US100,H4,short,06_ma200_bb,2.5,0,,,0.0,,0.0,0.0,0.0,0.0,0,0
US100,H4,short,10_wave5,2.5,25,0.4,0.4,10.0,1.6666666666666667,25.0,15.0,-0.5,10.5,11,14
US100,H4,short,11_mtf,2.5,7,0.2857142857142857,0.0,0.0,1.0,5.0,5.0,1.5,-1.5,2,5
US100,H4,short,12_obv,2.5,39,0.28205128205128205,-0.023042947030036183,-0.8986749341714111,0.9683550399356817,27.5,28.39867493417141,-0.3986749341714111,-0.5,14,25
US100,H4,short,12_obv_bb,2.5,20,0.4,0.38006625329142946,7.601325065828589,1.6130755993028685,20.0,12.39867493417141,-1.398674934171411,9.0,8,12
US100,H4,short,03_reentry,2.5,28,0.25,-0.125,-3.5,0.8333333333333334,17.5,21.0,-1.5,-2.0,12,16
US100,H4,short,07_bos,2.5,21,0.23809523809523808,-0.23185645847591285,-4.86898562799417,0.6956883982503643,11.13101437200583,16.0,-1.5,-3.36898562799417,12,9
US100,H4,short,07_retest,2.5,15,0.26666666666666666,-0.06666666666666667,-1.0,0.9090909090909091,10.0,11.0,1.5,-2.5,9,6
US100,H4,short,08_choch,2.5,4,0.0,-1.0,-4.0,0.0,0.0,4.0,-2.0,-2.0,2,2
XAUUSD,M15,long,00_base_div,1.5,138,0.38405797101449274,-0.03985507246376811,-5.5,0.9352941176470588,79.5,85.0,1.0,-6.5,64,74
XAUUSD,M15,long,00_base_hid,1.5,67,0.43283582089552236,0.0818258530668204,5.482332155476967,1.1442048517520196,43.5,38.01766784452303,7.5,-2.017667844523033,35,32
XAUUSD,M15,long,02_fib_deep,1.5,68,0.38235294117647056,-0.04411764705882353,-3.0,0.9285714285714286,39.0,42.0,0.0,-3.0,30,38
XAUUSD,M15,long,04a_hvn,1.5,45,0.3333333333333333,-0.16666666666666666,-7.5,0.75,22.5,30.0,-0.5,-7.0,18,27
XAUUSD,M15,long,04b_avwap,1.5,5,0.4,0.0,0.0,1.0,3.0,3.0,-2.0,2.0,2,3
XAUUSD,M15,long,05_triple_reg,1.5,84,0.38095238095238093,-0.047619047619047616,-4.0,0.9230769230769231,48.0,52.0,-7.5,3.5,40,44
XAUUSD,M15,long,05_triple_hid,1.5,285,0.4070175438596491,0.016069574953225915,4.579828861669386,1.0270323706492421,174.0,169.4201711383306,-1.5691699604742908,6.1489988221436755,159,126
XAUUSD,M15,long,06_ma200,1.5,286,0.4020979020979021,0.0038374010706028598,1.097496706192418,1.0064030377917594,172.5,171.40250329380757,-1.0691699604742908,2.1666666666667087,161,125
XAUUSD,M15,long,06_ma200_bb,1.5,40,0.4,0.0,0.0,1.0,24.0,24.0,-0.5,0.5,23,17
XAUUSD,M15,long,10_wave5,1.5,106,0.39622641509433965,-0.009433962264150943,-1.0,0.984375,63.0,64.0,10.0,-11.0,55,51
XAUUSD,M15,long,11_mtf,1.5,21,0.38095238095238093,-0.047619047619047616,-1.0,0.9230769230769231,12.0,13.0,0.0,-1.0,10,11
XAUUSD,M15,long,12_obv,1.5,352,0.3835227272727273,-0.041193181818181816,-14.5,0.9331797235023042,202.5,217.0,8.5,-23.0,169,183
XAUUSD,M15,long,12_obv_bb,1.5,225,0.36,-0.1,-22.5,0.84375,121.5,144.0,6.5,-29.0,106,119
XAUUSD,M15,long,03_reentry,1.5,198,0.3282828282828283,-0.17929292929292928,-35.5,0.7330827067669173,97.5,133.0,-26.0,-9.5,91,107
XAUUSD,M15,long,07_bos,1.5,135,0.48148148148148145,0.18651464199224893,25.179476668953605,1.3481650230003845,97.5,72.32052333104639,3.6794766689536056,21.5,64,71
XAUUSD,M15,long,07_retest,1.5,120,0.49166666666666664,0.20920490261177507,25.104588313413007,1.396000083373929,88.5,63.395411686586996,2.1045883134130086,23.0,58,62
XAUUSD,M15,long,08_choch,1.5,26,0.34615384615384615,-0.1346153846153846,-3.5,0.7941176470588235,13.5,17.0,-3.5,0.0,11,15
XAUUSD,M15,long,00_base_div,2.5,137,0.29927007299270075,0.04744525547445255,6.5,1.0677083333333333,102.5,96.0,13.0,-6.5,64,73
XAUUSD,M15,long,00_base_hid,2.5,67,0.3582089552238806,0.25346764411159656,16.982332155476968,1.3947757516017723,60.0,43.01766784452303,14.0,2.982332155476967,35,32
XAUUSD,M15,long,02_fib_deep,2.5,66,0.3181818181818182,0.11363636363636363,7.5,1.1666666666666667,52.5,45.0,8.5,-1.0,30,36
XAUUSD,M15,long,04a_hvn,2.5,45,0.2,-0.3,-13.5,0.625,22.5,36.0,3.0,-16.5,18,27
XAUUSD,M15,long,04b_avwap,2.5,5,0.2,-0.3,-1.5,0.625,2.5,4.0,-2.0,0.5,2,3
XAUUSD,M15,long,05_triple_reg,2.5,83,0.2891566265060241,0.012048192771084338,1.0,1.0169491525423728,60.0,59.0,5.5,-4.5,40,43
XAUUSD,M15,long,05_triple_hid,2.5,279,0.3118279569892473,0.0898918597192451,25.079828861669384,1.1303388761859043,217.5,192.4201711383306,0.4308300395257092,24.648998822143675,157,122
XAUUSD,M15,long,06_ma200,2.5,278,0.3057553956834532,0.0686960313172389,19.097496706192416,1.0987448268814828,212.5,193.40250329380757,2.930830039525709,16.166666666666707,158,120
XAUUSD,M15,long,06_ma200_bb,2.5,40,0.35,0.225,9.0,1.3461538461538463,35.0,26.0,5.0,4.0,23,17
XAUUSD,M15,long,10_wave5,2.5,106,0.3113207547169811,0.0592227109619165,6.277607361963149,1.0823590961225018,82.5,76.22239263803685,15.277607361963149,-9.0,55,51
XAUUSD,M15,long,11_mtf,2.5,21,0.23809523809523808,-0.32011393514461195,-6.722392638036851,0.6502832522141533,12.5,19.22239263803685,-6.222392638036852,-0.5,10,11
XAUUSD,M15,long,12_obv,2.5,339,0.2713864306784661,-0.05965307562842729,-20.22239263803685,0.9191823224738728,230.0,250.22239263803687,15.777607361963149,-36.0,163,176
XAUUSD,M15,long,12_obv_bb,2.5,220,0.2636363636363636,-0.07727272727272727,-17.0,0.8950617283950617,145.0,162.0,20.5,-37.5,102,118
XAUUSD,M15,long,03_reentry,2.5,198,0.26262626262626265,-0.08132843587388923,-16.103030303030067,0.889783050566227,130.0,146.10303030303007,-7.103030303030065,-9.0,91,107
XAUUSD,M15,long,07_bos,2.5,123,0.4065040650406504,0.3798808119367137,46.725339868215784,1.6203533618964654,122.04586319926217,75.32052333104639,10.179476668953605,36.54586319926217,61,62
XAUUSD,M15,long,07_retest,2.5,108,0.39814814814814814,0.3497658181760118,37.774708363009275,1.5604937697936367,105.17012004959626,67.395411686587,0.6045883134130086,37.17012004959627,53,55
XAUUSD,M15,long,08_choch,2.5,26,0.3076923076923077,0.07692307692307693,2.0,1.1111111111111112,20.0,18.0,-0.5,2.5,11,15
XAUUSD,M15,short,00_base_div,1.5,117,0.41025641025641024,0.02564102564102564,3.0,1.0434782608695652,72.0,69.0,-13.5,16.5,61,56
XAUUSD,M15,short,00_base_hid,1.5,37,0.5405405405405406,0.35135135135135137,13.0,1.7647058823529411,30.0,17.0,0.5,12.5,17,20
XAUUSD,M15,short,02_fib_deep,1.5,56,0.35714285714285715,-0.11646098229867793,-6.521815008725964,0.8214268648157891,30.0,36.521815008725966,-8.521815008725964,2.0,28,28
XAUUSD,M15,short,04a_hvn,1.5,42,0.3333333333333333,-0.1790908335410944,-7.521815008725964,0.7362785290338381,21.0,28.521815008725966,-10.021815008725964,2.5,17,25
XAUUSD,M15,short,04b_avwap,1.5,5,0.4,0.0,0.0,1.0,3.0,3.0,-2.0,2.0,2,3
XAUUSD,M15,short,05_triple_reg,1.5,102,0.39215686274509803,-0.024723676556136904,-2.521815008725964,0.9596650383810195,60.0,62.521815008725966,-7.021815008725964,4.5,54,48
XAUUSD,M15,short,05_triple_hid,1.5,232,0.41379310344827586,0.025784980492343137,5.982115474223608,1.0433430456841002,144.0,138.0178845257764,4.31803278688506,1.6640826873385492,99,133
XAUUSD,M15,short,06_ma200,1.5,184,0.42934782608695654,0.062402801490345695,11.482115474223608,1.1072915571551782,118.5,107.0178845257764,2.31803278688506,9.16408268733855,76,108
XAUUSD,M15,short,06_ma200_bb,1.5,24,0.625,0.5625,13.5,2.5,22.5,9.0,2.0,11.5,8,16
XAUUSD,M15,short,10_wave5,1.5,161,0.39751552795031053,-0.007867494824018025,-1.266666666666902,0.986977381768332,96.0,97.26666666666691,-13.766666666666902,12.5,106,55
XAUUSD,M15,short,11_mtf,1.5,40,0.325,-0.1875,-7.5,0.7222222222222222,19.5,27.0,-5.5,-2.0,23,17
XAUUSD,M15,short,12_obv,1.5,369,0.4146341463414634,0.03129510241864313,11.547892792479317,1.0529836253497844,229.5,217.95210720752067,-14.5,26.047892792479317,182,187
XAUUSD,M15,short,12_obv_bb,1.5,187,0.4385026737967914,0.09516492625577476,17.79584120982988,1.1691553016009921,123.0,105.20415879017011,-1.5,19.29584120982988,94,93
XAUUSD,M15,short,03_reentry,1.5,199,0.33668341708542715,-0.15829145728643215,-31.5,0.7613636363636364,100.5,132.0,-30.0,-1.5,115,84
XAUUSD,M15,short,07_bos,1.5,191,0.38219895287958117,-0.053474204019564715,-10.21357296773686,0.9128676873570027,107.00554652911849,117.21911949685534,-25.21911949685535,15.005546529118488,96,95
XAUUSD,M15,short,07_retest,1.5,167,0.3652694610778443,-0.08679399484075312,-14.494597138405771,0.8619699195855727,90.51582591493573,105.0104230533415,-26.010423053341498,11.515825914935727,92,75
XAUUSD,M15,short,08_choch,1.5,49,0.3877551020408163,-0.030612244897959183,-1.5,0.95,28.5,30.0,-3.5,2.0,26,23
XAUUSD,M15,short,00_base_div,2.5,117,0.3162393162393162,0.10683760683760683,12.5,1.15625,92.5,80.0,-15.5,28.0,61,56
XAUUSD,M15,short,00_base_hid,2.5,37,0.40540540540540543,0.4189189189189189,15.5,1.7045454545454546,37.5,22.0,0.5,15.0,17,20
XAUUSD,M15,short,02_fib_deep,2.5,56,0.26785714285714285,-0.07181812515582078,-4.021815008725964,0.9031397108271696,37.5,41.521815008725966,-11.021815008725964,7.0,28,28
XAUUSD,M15,short,04a_hvn,2.5,42,0.21428571428571427,-0.2624241668744277,-11.021815008725964,0.6712047063723456,22.5,33.521815008725966,-14.021815008725964,3.0,17,25
XAUUSD,M15,short,04b_avwap,2.5,5,0.0,-1.0,-5.0,0.0,0.0,5.0,-2.0,-3.0,2,3
XAUUSD,M15,short,05_triple_reg,2.5,100,0.29,0.00978184991274036,0.9781849912740359,1.0136767361280568,72.5,71.52181500872597,-8.021815008725964,9.0,53,47
XAUUSD,M15,short,05_triple_hid,2.5,228,0.3157894736842105,0.09641278716764741,21.98211547422361,1.1391115666444567,180.0,158.0178845257764,9.818032786885059,12.16408268733855,97,131
XAUUSD,M15,short,06_ma200,2.5,182,0.33516483516483514,0.1619896454627671,29.48211547422361,1.2396571489411858,152.5,123.0178845257764,8.318032786885059,21.16408268733855,74,108
XAUUSD,M15,short,06_ma200_bb,2.5,24,0.5,0.75,18.0,2.5,30.0,12.0,6.0,12.0,8,16
XAUUSD,M15,short,10_wave5,2.5,160,0.3125,0.09208333333333188,14.7333333333331,1.1336154776299854,125.0,110.26666666666691,-14.266666666666902,29.0,105,55
XAUUSD,M15,short,11_mtf,2.5,39,0.20512820512820512,-0.28205128205128205,-11.0,0.6451612903225806,20.0,31.0,2.5,-13.5,22,17
XAUUSD,M15,short,12_obv,2.5,361,0.29362880886426596,0.022293331835122762,8.047892792479317,1.031320594642875,265.0,256.95210720752067,-20.5,28.547892792479317,178,183
XAUUSD,M15,short,12_obv_bb,2.5,186,0.3010752688172043,0.05266581295607463,9.79584120982988,1.0752344725456606,140.0,130.2041587901701,-6.5,16.29584120982988,94,92
XAUUSD,M15,short,03_reentry,2.5,199,0.2663316582914573,-0.0678391959798995,-13.5,0.9075342465753424,132.5,146.0,-17.0,3.5,115,84
XAUUSD,M15,short,07_bos,2.5,181,0.281767955801105,-0.05720494799342174,-10.354095586809335,0.9198717989479775,118.865023910046,129.21911949685534,-20.82522090226133,10.471125315451992,93,88
XAUUSD,M15,short,07_retest,2.5,159,0.2641509433962264,-0.08172702602770926,-12.994597138405773,0.8879876756209151,103.01582591493573,116.0104230533415,-22.010423053341498,9.015825914935727,86,73
XAUUSD,M15,short,08_choch,2.5,48,0.2916666666666667,0.020833333333333332,1.0,1.0294117647058822,35.0,34.0,-4.0,5.0,25,23
XAUUSD,M30,long,00_base_div,1.5,75,0.4,-0.003018518518518801,-0.22638888888891007,0.9949943187052787,45.0,45.226388888888906,10.77361111111109,-11.0,39,36
XAUUSD,M30,long,00_base_hid,1.5,32,0.40625,0.015625,0.5,1.0263157894736843,19.5,19.0,7.5,-7.0,15,17
XAUUSD,M30,long,02_fib_deep,1.5,33,0.3333333333333333,-0.17352693602693667,-5.72638888888891,0.7423608073486214,16.5,22.22638888888891,-3.72638888888891,-2.0,11,22
XAUUSD,M30,long,04a_hvn,1.5,20,0.3,-0.25,-5.0,0.6428571428571429,9.0,14.0,-5.5,0.5,13,7
XAUUSD,M30,long,04b_avwap,1.5,4,0.25,-0.375,-1.5,0.5,1.5,3.0,0.0,-1.5,0,4
XAUUSD,M30,long,05_triple_reg,1.5,53,0.3018867924528302,-0.2495545073375266,-13.22638888888891,0.6447039510502552,24.0,37.226388888888906,-2.72638888888891,-10.5,20,33
XAUUSD,M30,long,05_triple_hid,1.5,162,0.3950617283950617,-0.012772654077001795,-2.069169960474291,0.9789009128831391,96.0,98.06916996047428,6.430830039525709,-8.5,76,86
XAUUSD,M30,long,06_ma200,1.5,181,0.430939226519337,0.07696591182058403,13.93083003952571,1.1351600099706636,117.0,103.06916996047428,12.43083003952571,1.5,90,91
XAUUSD,M30,long,06_ma200_bb,1.5,22,0.4090909090909091,0.022727272727272728,0.5,1.0384615384615385,13.5,13.0,5.5,-5.0,12,10
XAUUSD,M30,long,10_wave5,1.5,50,0.54,0.35,17.5,1.7608695652173914,40.5,23.0,16.0,1.5,24,26
XAUUSD,M30,long,11_mtf,1.5,12,0.3333333333333333,-0.16666666666666666,-2.0,0.75,6.0,8.0,-2.0,0.0,7,5
XAUUSD,M30,long,12_obv,1.5,196,0.42857142857142855,0.05602607709750576,10.98111111111113,1.0954722412743803,126.0,115.01888888888887,-1.5188888888888705,12.5,101,95
XAUUSD,M30,long,12_obv_bb,1.5,126,0.3888888888888889,-0.051737213403879934,-6.518888888888871,0.9185331241234711,73.5,80.01888888888887,-3.5188888888888705,-3.0,68,58
XAUUSD,M30,long,03_reentry,1.5,110,0.33636363636363636,-0.1590909090909091,-17.5,0.7602739726027398,55.5,73.0,2.0,-19.5,53,57
XAUUSD,M30,long,07_bos,1.5,76,0.5263157894736842,0.29483471670749894,22.40743846976992,1.6111069645425338,59.07440476190476,36.66696629213484,8.333033707865162,14.074404761904763,41,35
XAUUSD,M30,long,07_retest,1.5,64,0.453125,0.12177083333333322,7.793333333333326,1.218259895444361,43.5,35.70666666666668,-1.206666666666674,9.0,33,31
XAUUSD,M30,long,08_choch,1.5,12,0.4166666666666667,0.041666666666666664,0.5,1.0714285714285714,7.5,7.0,-2.0,2.5,7,5
XAUUSD,M30,long,00_base_div,2.5,75,0.32,0.11698148148148121,8.77361111111109,1.171271317409104,60.0,51.226388888888906,20.27361111111109,-11.5,39,36
XAUUSD,M30,long,00_base_hid,2.5,32,0.3125,0.09375,3.0,1.1363636363636365,25.0,22.0,9.5,-6.5,15,17
XAUUSD,M30,long,02_fib_deep,2.5,33,0.2727272727272727,-0.05231481481481546,-1.72638888888891,0.9287393223642714,22.5,24.22638888888891,-0.7263888888889101,-1.0,11,22
XAUUSD,M30,long,04a_hvn,2.5,20,0.3,0.05,1.0,1.0714285714285714,15.0,14.0,-2.5,3.5,13,7
XAUUSD,M30,long,04b_avwap,2.5,4,0.25,-0.125,-0.5,0.8333333333333334,2.5,3.0,0.0,-0.5,0,4
XAUUSD,M30,long,05_triple_reg,2.5,53,0.2830188679245283,-0.01370545073375302,-0.7263888888889101,0.9809977110053406,37.5,38.226388888888906,4.27361111111109,-5.0,20,33
XAUUSD,M30,long,05_triple_hid,2.5,156,0.3076923076923077,0.07647967974054942,11.93083003952571,1.1103999414808992,120.0,108.06916996047428,15.43083003952571,-3.5,72,84
XAUUSD,M30,long,06_ma200,2.5,175,0.34285714285714286,0.19960474308300405,34.93083003952571,1.303563761270932,150.0,115.06916996047428,29.43083003952571,5.5,86,89
XAUUSD,M30,long,06_ma200_bb,2.5,22,0.36363636363636365,0.2727272727272727,6.0,1.4285714285714286,20.0,14.0,9.0,-3.0,12,10
XAUUSD,M30,long,10_wave5,2.5,49,0.4489795918367347,0.5056654563665949,24.77760736196315,1.8198426795229612,55.0,30.22239263803685,14.777607361963149,10.0,24,25
XAUUSD,M30,long,11_mtf,2.5,12,0.25,-0.125,-1.5,0.8333333333333334,7.5,9.0,-3.5,2.0,7,5
XAUUSD,M30,long,12_obv,2.5,196,0.3673469387755102,0.25387101261772593,49.75871847307428,1.3820502830570451,180.0,130.24128152692572,18.75871847307428,31.0,101,95
XAUUSD,M30,long,12_obv_bb,2.5,126,0.3333333333333333,0.14270723104056451,17.98111111111113,1.2066345748688028,105.0,87.01888888888887,12.98111111111113,5.0,68,58
XAUUSD,M30,long,03_reentry,2.5,110,0.2727272727272727,-0.04639118457300059,-5.103030303030065,0.9362941666036193,75.0,80.10303030303007,9.896969696969935,-15.0,53,57
XAUUSD,M30,long,07_bos,2.5,68,0.4264705882352941,0.4068243497848694,27.664055785371122,1.697407903131134,67.33102207750596,39.66696629213484,7.963871539360111,19.700184246011013,36,32
XAUUSD,M30,long,07_retest,2.5,57,0.38596491228070173,0.29610593950762215,16.878038551934463,1.4726859191169097,52.58470521860114,35.70666666666668,1.7933333333333263,15.084705218601137,29,28
XAUUSD,M30,long,08_choch,2.5,12,0.3333333333333333,0.16666666666666666,2.0,1.25,10.0,8.0,0.0,2.0,7,5
XAUUSD,M30,short,00_base_div,1.5,72,0.2777777777777778,-0.342948671471316,-24.692304345934755,0.548523240312691,30.0,54.69230434593475,-11.033464566929148,-13.658839779005605,36,36
XAUUSD,M30,short,00_base_hid,1.5,14,0.35714285714285715,-0.10714285714285714,-1.5,0.8333333333333334,7.5,9.0,-3.5,2.0,11,3
XAUUSD,M30,short,02_fib_deep,1.5,23,0.21739130434782608,-0.4792093482054767,-11.021815008725964,0.40492791859040883,7.5,18.521815008725966,-5.521815008725964,-5.5,10,13
XAUUSD,M30,short,04a_hvn,1.5,15,0.26666666666666666,-0.3681210005817309,-5.521815008725964,0.5207512874886416,6.0,11.521815008725964,-6.521815008725964,1.0,6,9
XAUUSD,M30,short,04b_avwap,1.5,4,0.25,-0.375,-1.5,0.5,1.5,3.0,0.5,-2.0,2,2
XAUUSD,M30,short,05_triple_reg,1.5,65,0.35384615384615387,-0.12341253859578406,-8.021815008725964,0.811348245434025,34.5,42.521815008725966,-6.021815008725964,-2.0,38,27
XAUUSD,M30,short,05_triple_hid,1.5,131,0.3893129770992366,-0.026717557251908396,-3.5,0.95625,76.5,80.0,1.0,-4.5,64,67
XAUUSD,M30,short,06_ma200,1.5,100,0.39,-0.04213793103448296,-4.213793103448296,0.9328091493924229,58.5,62.713793103448296,-1.0,-3.213793103448295,46,54
XAUUSD,M30,short,06_ma200_bb,1.5,5,0.6,0.5,2.5,2.25,4.5,2.0,1.0,1.5,4,1
XAUUSD,M30,short,10_wave5,1.5,92,0.4673913043478261,0.16811451557685708,15.466535433070852,1.3154281584969285,64.5,49.03346456692915,10.466535433070852,5.0,57,35
XAUUSD,M30,short,11_mtf,1.5,20,0.5,0.25,5.0,1.5,15.0,10.0,6.0,-1.0,14,6
XAUUSD,M30,short,12_obv,1.5,184,0.3641304347826087,-0.08985578568983232,-16.533464566929148,0.8587287437135215,100.5,117.03346456692915,-8.033464566929148,-8.5,98,86
XAUUSD,M30,short,12_obv_bb,1.5,98,0.3673469387755102,-0.08197412823397089,-8.033464566929148,0.8704978897597815,54.0,62.03346456692915,-7.033464566929148,-1.0,52,46
XAUUSD,M30,short,03_reentry,1.5,115,0.33043478260869563,-0.17391304347826086,-20.0,0.7402597402597403,57.0,77.0,-16.5,-3.5,59,56
XAUUSD,M30,short,07_bos,1.5,108,0.37037037037037035,-0.07407407407407407,-8.0,0.8823529411764706,60.0,68.0,-5.0,-3.0,60,48
XAUUSD,M30,short,07_retest,1.5,101,0.40594059405940597,0.01485148514851485,1.5,1.025,61.5,60.0,-6.5,8.0,59,42
XAUUSD,M30,short,08_choch,1.5,30,0.36666666666666664,-0.1112466124661235,-3.3373983739837048,0.8317622950819686,16.5,19.837398373983707,-5.5,2.162601626016295,18,12
XAUUSD,M30,short,00_base_div,2.5,72,0.18055555555555555,-0.405448671471316,-29.192304345934755,0.5268080086254974,32.5,61.69230434593475,-15.033464566929148,-14.158839779005605,36,36
XAUUSD,M30,short,00_base_hid,2.5,14,0.35714285714285715,0.25,3.5,1.3888888888888888,12.5,9.0,-0.5,4.0,11,3
XAUUSD,M30,short,02_fib_deep,2.5,23,0.21739130434782608,-0.2618180438576506,-6.021815008725964,0.674879864317348,12.5,18.521815008725966,-3.521815008725964,-2.5,10,13
XAUUSD,M30,short,04a_hvn,2.5,15,0.13333333333333333,-0.568121000581731,-8.521815008725964,0.36977284460506044,5.0,13.521815008725964,-6.521815008725964,-2.0,6,9
XAUUSD,M30,short,04b_avwap,2.5,4,0.25,-0.125,-0.5,0.8333333333333334,2.5,3.0,1.5,-2.0,2,2
XAUUSD,M30,short,05_triple_reg,2.5,65,0.27692307692307694,-0.03879715398039945,-2.521815008725964,0.9469335291957407,45.0,47.521815008725966,-0.02181500872596409,-2.5,38,27
XAUUSD,M30,short,05_triple_hid,2.5,125,0.312,0.092,11.5,1.1337209302325582,97.5,86.0,1.0,10.5,62,63
XAUUSD,M30,short,06_ma200,2.5,98,0.3163265306122449,0.10714285714285714,10.5,1.1567164179104477,77.5,67.0,-0.5,11.0,46,52
XAUUSD,M30,short,06_ma200_bb,2.5,5,0.6,1.1,5.5,3.75,7.5,2.0,3.0,2.5,4,1
XAUUSD,M30,short,10_wave5,2.5,90,0.32222222222222224,0.1274059492563428,11.466535433070852,1.18787292372198,72.5,61.03346456692915,6.9665354330708515,4.5,56,34
XAUUSD,M30,short,11_mtf,2.5,20,0.4,0.4,8.0,1.6666666666666667,20.0,12.0,10.5,-2.5,14,6
XAUUSD,M30,short,12_obv,2.5,178,0.25842696629213485,-0.0956936211625233,-17.033464566929148,0.8709913079778747,115.0,132.03346456692915,-12.033464566929148,-5.0,96,82
XAUUSD,M30,short,12_obv_bb,2.5,98,0.24489795918367346,-0.14319861802988926,-14.033464566929148,0.8104443085431676,60.0,74.03346456692915,-6.533464566929148,-7.5,52,46
XAUUSD,M30,short,03_reentry,2.5,115,0.25217391304347825,-0.11739130434782609,-13.5,0.8430232558139535,72.5,86.0,-10.0,-3.5,59,56
XAUUSD,M30,short,07_bos,2.5,96,0.2708333333333333,-0.10402256613041234,-9.986166348519586,0.8573404807354345,60.01383365148041,70.0,-9.5756880733945,-0.41047827512508395,54,42
XAUUSD,M30,short,07_retest,2.5,93,0.3010752688172043,0.04379215457550077,4.072670375521572,1.0626564673157164,69.07267037552157,65.0,-3.9273296244784284,8.0,52,41
XAUUSD,M30,short,08_choch,2.5,29,0.1724137931034483,-0.4254275301373691,-12.337398373983705,0.5032733224222593,12.5,24.837398373983703,-10.0,-2.3373983739837048,17,12
XAUUSD,H1,long,00_base_div,1.5,46,0.391304347826087,-0.021739130434782608,-1.0,0.9642857142857143,27.0,28.0,1.0,-2.0,24,22
XAUUSD,H1,long,00_base_hid,1.5,22,0.5454545454545454,0.36363636363636365,8.0,1.8,18.0,10.0,4.5,3.5,8,14
XAUUSD,H1,long,02_fib_deep,1.5,21,0.42857142857142855,0.07142857142857142,1.5,1.125,13.5,12.0,-2.0,3.5,12,9
XAUUSD,H1,long,04a_hvn,1.5,14,0.21428571428571427,-0.4642857142857143,-6.5,0.4090909090909091,4.5,11.0,-1.5,-5.0,9,5
XAUUSD,H1,long,04b_avwap,1.5,1,1.0,1.5,1.5,inf,1.5,-0.0,0.0,1.5,0,1
XAUUSD,H1,long,05_triple_reg,1.5,21,0.47619047619047616,0.19047619047619047,4.0,1.3636363636363635,15.0,11.0,-1.0,5.0,11,10
XAUUSD,H1,long,05_triple_hid,1.5,102,0.39215686274509803,-0.02028598000464991,-2.069169960474291,0.9666634826631009,60.0,62.06916996047429,-7.569169960474291,5.5,50,52
XAUUSD,H1,long,06_ma200,1.5,105,0.4095238095238095,0.02315076228119723,2.430830039525709,1.0391632438628333,64.5,62.06916996047429,-2.569169960474291,5.0,55,50
XAUUSD,H1,long,06_ma200_bb,1.5,14,0.6428571428571429,0.6071428571428571,8.5,2.7,13.5,5.0,4.0,4.5,6,8
XAUUSD,H1,long,10_wave5,1.5,28,0.5714285714285714,0.42857142857142855,12.0,2.0,24.0,12.0,10.0,2.0,15,13
XAUUSD,H1,long,11_mtf,1.5,3,0.3333333333333333,-0.16666666666666666,-0.5,0.75,1.5,2.0,1.5,-2.0,1,2
XAUUSD,H1,long,12_obv,1.5,100,0.41,0.025,2.5,1.0423728813559323,61.5,59.0,-3.0,5.5,53,47
XAUUSD,H1,long,12_obv_bb,1.5,67,0.3582089552238806,-0.1044776119402985,-7.0,0.8372093023255814,36.0,43.0,-3.0,-4.0,33,34
XAUUSD,H1,long,03_reentry,1.5,56,0.375,-0.0625,-3.5,0.9,31.5,35.0,-6.0,2.5,31,25
XAUUSD,H1,long,07_bos,1.5,41,0.5365853658536586,0.3302527482718524,13.540362679145948,1.7126506673234712,32.54036267914595,19.0,9.0,4.540362679145948,26,15
XAUUSD,H1,long,07_retest,1.5,35,0.4857142857142857,0.20603624919339328,7.211268721768764,1.4006260400982646,25.211268721768764,18.0,3.0,4.211268721768764,22,13
XAUUSD,H1,long,08_choch,1.5,4,0.5,0.25,1.0,1.5,3.0,2.0,0.5,0.5,2,2
XAUUSD,H1,long,00_base_div,2.5,45,0.24444444444444444,-0.14444444444444443,-6.5,0.8088235294117647,27.5,34.0,0.5,-7.0,24,21
XAUUSD,H1,long,00_base_hid,2.5,22,0.5,0.75,16.5,2.5,27.5,11.0,9.5,7.0,8,14
XAUUSD,H1,long,02_fib_deep,2.5,20,0.3,0.05,1.0,1.0714285714285714,15.0,14.0,-1.5,2.5,12,8
XAUUSD,H1,long,04a_hvn,2.5,14,0.21428571428571427,-0.25,-3.5,0.6818181818181818,7.5,11.0,1.5,-5.0,9,5
XAUUSD,H1,long,04b_avwap,2.5,1,1.0,2.5,2.5,inf,2.5,-0.0,0.0,2.5,0,1
XAUUSD,H1,long,05_triple_reg,2.5,21,0.38095238095238093,0.3333333333333333,7.0,1.5384615384615385,20.0,13.0,3.0,4.0,11,10
XAUUSD,H1,long,05_triple_hid,2.5,102,0.3235294117647059,0.13167480430907558,13.43083003952571,1.1944547769607146,82.5,69.06916996047428,5.930830039525709,7.5,50,52
XAUUSD,H1,long,06_ma200,2.5,105,0.3523809523809524,0.23267457180500675,24.43083003952571,1.3589118253346113,92.5,68.06916996047428,14.93083003952571,9.5,55,50
XAUUSD,H1,long,06_ma200_bb,2.5,14,0.5714285714285714,1.0,14.0,3.3333333333333335,20.0,6.0,8.0,6.0,6,8
XAUUSD,H1,long,10_wave5,2.5,28,0.42857142857142855,0.5,14.0,1.875,30.0,16.0,16.5,-2.5,15,13
XAUUSD,H1,long,11_mtf,2.5,3,0.0,-1.0,-3.0,0.0,0.0,3.0,-1.0,-2.0,1,2
XAUUSD,H1,long,12_obv,2.5,100,0.33,0.155,15.5,1.2313432835820894,82.5,67.0,10.0,5.5,53,47
XAUUSD,H1,long,12_obv_bb,2.5,67,0.2835820895522388,-0.007462686567164179,-0.5,0.9895833333333334,47.5,48.0,5.5,-6.0,33,34
XAUUSD,H1,long,03_reentry,2.5,56,0.32142857142857145,0.1231601731601774,6.896969696969935,1.1810084300938517,45.0,38.10303030303007,0.39696969696993456,6.5,31,25
XAUUSD,H1,long,07_bos,2.5,34,0.47058823529411764,0.563635192954697,19.1635965604597,2.0646442533588725,37.1635965604597,18.0,14.247193003191109,4.916403557268591,20,14
XAUUSD,H1,long,07_retest,2.5,31,0.41935483870967744,0.42616995876673436,13.211268721768764,1.7339593734315981,31.211268721768764,18.0,6.5,6.711268721768764,18,13
XAUUSD,H1,long,08_choch,2.5,4,0.5,0.75,3.0,2.5,5.0,2.0,1.5,1.5,2,2
XAUUSD,H1,short,00_base_div,1.5,38,0.34210526315789475,-0.14473684210526316,-5.5,0.78,19.5,25.0,-3.5,-2.0,21,17
XAUUSD,H1,short,00_base_hid,1.5,10,0.3,-0.25,-2.5,0.6428571428571429,4.5,7.0,-1.0,-1.5,6,4
XAUUSD,H1,short,02_fib_deep,1.5,12,0.16666666666666666,-0.6268179173938303,-7.521815008725964,0.28512191076463866,3.0,10.521815008725964,-5.021815008725964,-2.5,7,5
XAUUSD,H1,short,04a_hvn,1.5,14,0.14285714285714285,-0.680129643480426,-9.521815008725964,0.2395818815331018,3.0,12.521815008725964,-6.021815008725964,-3.5,8,6
XAUUSD,H1,short,04b_avwap,1.5,2,0.0,-1.0,-2.0,0.0,0.0,2.0,0.0,-2.0,0,2
XAUUSD,H1,short,05_triple_reg,1.5,33,0.2727272727272727,-0.3339943942038171,-11.021815008725964,0.5505302113728568,13.5,24.521815008725966,-6.521815008725964,-4.5,21,12
XAUUSD,H1,short,05_triple_hid,1.5,71,0.3380281690140845,-0.15728817348535643,-11.167460317460307,0.7632380407531424,36.0,47.16746031746031,-11.0,-0.16746031746030798,31,40
XAUUSD,H1,short,06_ma200,1.5,52,0.34615384615384615,-0.1346153846153846,-7.0,0.7941176470588235,27.0,34.0,-7.0,0.0,17,35
XAUUSD,H1,short,06_ma200_bb,1.5,5,0.2,-0.5,-2.5,0.375,1.5,4.0,-0.5,-2.0,3,2
XAUUSD,H1,short,10_wave5,1.5,60,0.4166666666666667,0.041666666666666664,2.5,1.0714285714285714,37.5,35.0,-1.5,4.0,34,26
XAUUSD,H1,short,11_mtf,1.5,19,0.3684210526315789,-0.07894736842105263,-1.5,0.875,10.5,12.0,1.5,-3.0,11,8
XAUUSD,H1,short,12_obv,1.5,109,0.3302752293577982,-0.20294690019460757,-22.121212121212224,0.7093949044585978,54.0,76.12121212121222,-9.121212121212224,-13.0,46,63
XAUUSD,H1,short,12_obv_bb,1.5,57,0.3157894736842105,-0.21052631578947367,-12.0,0.6923076923076923,27.0,39.0,-6.0,-6.0,21,36
XAUUSD,H1,short,03_reentry,1.5,61,0.32786885245901637,-0.20829216832163946,-12.705822267620007,0.7024803272022773,30.0,42.70582226762001,-7.0,-5.705822267620008,32,29
XAUUSD,H1,short,07_bos,1.5,66,0.25757575757575757,-0.3560606060606061,-23.5,0.5204081632653061,25.5,49.0,-10.5,-13.0,38,28
XAUUSD,H1,short,07_retest,1.5,62,0.3064516129032258,-0.23387096774193547,-14.5,0.6627906976744186,28.5,43.0,-8.5,-6.0,36,26
XAUUSD,H1,short,08_choch,1.5,16,0.25,-0.375,-6.0,0.5,6.0,12.0,-3.0,-3.0,8,8
XAUUSD,H1,short,00_base_div,2.5,38,0.15789473684210525,-0.4473684210526316,-17.0,0.46875,15.0,32.0,-7.0,-10.0,21,17
XAUUSD,H1,short,00_base_hid,2.5,10,0.3,0.05,0.5,1.0714285714285714,7.5,7.0,1.0,-0.5,6,4
XAUUSD,H1,short,02_fib_deep,2.5,12,0.16666666666666666,-0.4601512507271637,-5.521815008725964,0.4752031846077311,5.0,10.521815008725964,-4.021815008725964,-1.5,7,5
XAUUSD,H1,short,04a_hvn,2.5,14,0.0,-1.0372725006232832,-14.521815008725964,0.0,0.0,14.521815008725964,-8.521815008725964,-6.0,8,6
XAUUSD,H1,short,04b_avwap,2.5,2,0.0,-1.0,-2.0,0.0,0.0,2.0,0.0,-2.0,0,2
XAUUSD,H1,short,05_triple_reg,2.5,33,0.18181818181818182,-0.37944893965836257,-12.521815008725964,0.545022194039316,15.0,27.521815008725966,-7.521815008725964,-5.0,21,12
XAUUSD,H1,short,05_triple_hid,2.5,70,0.2571428571428571,-0.10239229024943296,-7.167460317460307,0.8626066848214694,45.0,52.16746031746031,-6.5,-0.6674603174603071,31,39
XAUUSD,H1,short,06_ma200,2.5,51,0.2549019607843137,-0.10784313725490197,-5.5,0.8552631578947368,32.5,38.0,-3.0,-2.5,17,34
XAUUSD,H1,short,06_ma200_bb,2.5,5,0.2,-0.3,-1.5,0.625,2.5,4.0,0.5,-2.0,3,2
XAUUSD,H1,short,10_wave5,2.5,60,0.31666666666666665,0.10833333333333334,6.5,1.1585365853658536,47.5,41.0,4.5,2.0,34,26
XAUUSD,H1,short,11_mtf,2.5,19,0.3157894736842105,0.10526315789473684,2.0,1.1538461538461537,15.0,13.0,6.5,-4.5,11,8
XAUUSD,H1,short,12_obv,2.5,107,0.24299065420560748,-0.19936385989213204,-21.33193300845813,0.7529079650473228,65.0,86.33193300845812,-0.12121212121222413,-21.210720887245905,46,61
XAUUSD,H1,short,12_obv_bb,2.5,57,0.2631578947368421,-0.07894736842105263,-4.5,0.8928571428571429,37.5,42.0,0.0,-4.5,21,36
XAUUSD,H1,short,03_reentry,2.5,61,0.26229508196721313,-0.10993151258393456,-6.705822267620008,0.8564242755604158,40.0,46.70582226762001,-4.0,-2.7058222676200083,32,29
XAUUSD,H1,short,07_bos,2.5,61,0.14754098360655737,-0.5166002757775394,-31.512616822429905,0.3939881380301941,20.487383177570095,52.0,-16.012616822429905,-15.5,35,26
XAUUSD,H1,short,07_retest,2.5,60,0.2,-0.3301152482269503,-19.80691489361702,0.5873559397163121,28.19308510638298,48.0,-11.30691489361702,-8.5,34,26
XAUUSD,H1,short,08_choch,2.5,16,0.25,-0.125,-2.0,0.8333333333333334,10.0,12.0,-1.0,-1.0,8,8
XAUUSD,H2,long,00_base_div,1.5,22,0.6363636363636364,0.5909090909090909,13.0,2.625,21.0,8.0,7.0,6.0,8,14
XAUUSD,H2,long,00_base_hid,1.5,12,0.3333333333333333,-0.16666666666666666,-2.0,0.75,6.0,8.0,-3.5,1.5,6,6
XAUUSD,H2,long,02_fib_deep,1.5,11,0.45454545454545453,0.13636363636363635,1.5,1.25,7.5,6.0,1.5,0.0,6,5
XAUUSD,H2,long,04a_hvn,1.5,6,0.3333333333333333,-0.16666666666666666,-1.0,0.75,3.0,4.0,-2.0,1.0,2,4
XAUUSD,H2,long,04b_avwap,1.5,3,1.0,1.5,4.5,inf,4.5,-0.0,0.0,4.5,0,3
XAUUSD,H2,long,05_triple_reg,1.5,13,0.5384615384615384,0.34615384615384615,4.5,1.75,10.5,6.0,1.5,3.0,6,7
XAUUSD,H2,long,05_triple_hid,1.5,57,0.47368421052631576,0.13031938821412536,7.428205128205146,1.2246084664289045,40.5,33.07179487179485,0.0,7.428205128205147,25,32
XAUUSD,H2,long,06_ma200,1.5,59,0.4915254237288136,0.2288135593220339,13.5,1.45,43.5,30.0,4.0,9.5,26,33
XAUUSD,H2,long,06_ma200_bb,1.5,8,0.25,-0.375,-3.0,0.5,3.0,6.0,-3.5,0.5,6,2
XAUUSD,H2,long,10_wave5,1.5,9,0.4444444444444444,0.1111111111111111,1.0,1.2,6.0,5.0,-2.0,3.0,2,7
XAUUSD,H2,long,11_mtf,1.5,0,,,0.0,,0.0,0.0,0.0,0.0,0,0
XAUUSD,H2,long,12_obv,1.5,46,0.45652173913043476,0.14130434782608695,6.5,1.26,31.5,25.0,6.0,0.5,19,27
XAUUSD,H2,long,12_obv_bb,1.5,35,0.4857142857142857,0.21428571428571427,7.5,1.4166666666666667,25.5,18.0,4.5,3.0,13,22
XAUUSD,H2,long,03_reentry,1.5,25,0.28,-0.3,-7.5,0.5833333333333334,10.5,18.0,2.0,-9.5,8,17
XAUUSD,H2,long,07_bos,1.5,20,0.65,0.625,12.5,2.7857142857142856,19.5,7.0,4.5,8.0,8,12
XAUUSD,H2,long,07_retest,1.5,17,0.5882352941176471,0.47058823529411764,8.0,2.142857142857143,15.0,7.0,4.5,3.5,8,9
XAUUSD,H2,long,08_choch,1.5,1,0.0,-1.0,-1.0,0.0,0.0,1.0,0.0,-1.0,0,1
XAUUSD,H2,long,00_base_div,2.5,22,0.6363636363636364,1.2272727272727273,27.0,4.375,35.0,8.0,13.0,14.0,8,14
XAUUSD,H2,long,00_base_hid,2.5,12,0.25,-0.125,-1.5,0.8333333333333334,7.5,9.0,-2.5,1.0,6,6
XAUUSD,H2,long,02_fib_deep,2.5,11,0.45454545454545453,0.5909090909090909,6.5,2.0833333333333335,12.5,6.0,4.5,2.0,6,5
XAUUSD,H2,long,04a_hvn,2.5,6,0.3333333333333333,0.16666666666666666,1.0,1.25,5.0,4.0,-2.0,3.0,2,4
XAUUSD,H2,long,04b_avwap,2.5,3,1.0,2.5,7.5,inf,7.5,-0.0,0.0,7.5,0,3
XAUUSD,H2,long,05_triple_reg,2.5,13,0.5384615384615384,0.8846153846153846,11.5,2.9166666666666665,17.5,6.0,4.5,7.0,6,7
XAUUSD,H2,long,05_triple_hid,2.5,54,0.4074074074074074,0.36904083570750273,19.928205128205146,1.568211726860653,55.0,35.07179487179485,10.0,9.928205128205146,25,29
XAUUSD,H2,long,06_ma200,2.5,56,0.44642857142857145,0.5625,31.5,2.0161290322580645,62.5,31.0,13.5,18.0,25,31
XAUUSD,H2,long,06_ma200_bb,2.5,8,0.25,-0.125,-1.0,0.8333333333333334,5.0,6.0,-2.5,1.5,6,2
XAUUSD,H2,long,10_wave5,2.5,9,0.4444444444444444,0.5555555555555556,5.0,2.0,10.0,5.0,-2.0,7.0,2,7
XAUUSD,H2,long,11_mtf,2.5,0,,,0.0,,0.0,0.0,0.0,0.0,0,0
XAUUSD,H2,long,12_obv,2.5,45,0.37777777777777777,0.28388721047331233,12.774924471299055,1.4297692854964916,42.5,29.725075528700945,7.274924471299055,5.5,19,26
XAUUSD,H2,long,12_obv_bb,2.5,34,0.4117647058823529,0.4411764705882353,15.0,1.75,35.0,20.0,8.0,7.0,13,21
XAUUSD,H2,long,03_reentry,2.5,25,0.28,-0.02,-0.5,0.9722222222222222,17.5,18.0,6.0,-6.5,8,17
XAUUSD,H2,long,07_bos,2.5,19,0.631578947368421,1.1528354972767867,21.903874448258946,4.12912492117985,28.903874448258946,7.0,9.5,12.403874448258948,8,11
XAUUSD,H2,long,07_retest,2.5,16,0.5625,0.9102775113358914,14.564440181374263,3.0806343116248947,21.564440181374263,7.0,9.5,5.064440181374263,8,8
XAUUSD,H2,long,08_choch,2.5,1,0.0,-1.0,-1.0,0.0,0.0,1.0,0.0,-1.0,0,1
XAUUSD,H2,short,00_base_div,1.5,28,0.4642857142857143,0.16071428571428573,4.5,1.3,19.5,15.0,2.5,2.0,10,18
XAUUSD,H2,short,00_base_hid,1.5,6,0.5,0.25,1.5,1.5,4.5,3.0,1.0,0.5,4,2
XAUUSD,H2,short,02_fib_deep,1.5,8,0.375,-0.0625,-0.5,0.9,4.5,5.0,-1.5,1.0,4,4
XAUUSD,H2,short,04a_hvn,1.5,5,0.6,0.5,2.5,2.25,4.5,2.0,0.5,2.0,2,3
XAUUSD,H2,short,04b_avwap,1.5,0,,,0.0,,0.0,0.0,0.0,0.0,0,0
XAUUSD,H2,short,05_triple_reg,1.5,15,0.4,0.0,0.0,1.0,9.0,9.0,-1.5,1.5,9,6
XAUUSD,H2,short,05_triple_hid,1.5,38,0.47368421052631576,0.18421052631578946,7.0,1.35,27.0,20.0,3.5,3.5,19,19
XAUUSD,H2,short,06_ma200,1.5,19,0.6842105263157895,0.7105263157894737,13.5,3.25,19.5,6.0,1.5,12.0,6,13
XAUUSD,H2,short,06_ma200_bb,1.5,0,,,0.0,,0.0,0.0,0.0,0.0,0,0
XAUUSD,H2,short,10_wave5,1.5,29,0.3448275862068966,-0.13793103448275862,-4.0,0.7894736842105263,15.0,19.0,-2.0,-2.0,17,12
XAUUSD,H2,short,11_mtf,1.5,5,0.6,0.5,2.5,2.25,4.5,2.0,2.5,0.0,5,0
XAUUSD,H2,short,12_obv,1.5,58,0.41379310344827586,0.034482758620689655,2.0,1.0588235294117647,36.0,34.0,-6.0,8.0,26,32
XAUUSD,H2,short,12_obv_bb,1.5,34,0.5,0.25,8.5,1.5,25.5,17.0,-2.0,10.5,12,22
XAUUSD,H2,short,03_reentry,1.5,47,0.3617021276595745,-0.09574468085106383,-4.5,0.85,25.5,30.0,-1.5,-3.0,19,28
XAUUSD,H2,short,07_bos,1.5,33,0.3333333333333333,-0.1369438923178854,-4.5191484464902185,0.7849984999156886,16.5,21.01914844649022,-7.0191484464902185,2.5,18,15
XAUUSD,H2,short,07_retest,1.5,28,0.2857142857142857,-0.2504990844609557,-7.01397436490676,0.631114766944667,12.0,19.01397436490676,-6.51397436490676,-0.5,15,13
XAUUSD,H2,short,08_choch,1.5,8,0.5,0.25,2.0,1.5,6.0,4.0,2.5,-0.5,5,3
XAUUSD,H2,short,00_base_div,2.5,27,0.37037037037037035,0.2962962962962963,8.0,1.4705882352941178,25.0,17.0,5.0,3.0,9,18
XAUUSD,H2,short,00_base_hid,2.5,6,0.5,0.75,4.5,2.5,7.5,3.0,3.0,1.5,4,2
XAUUSD,H2,short,02_fib_deep,2.5,8,0.375,0.3125,2.5,1.5,7.5,5.0,-0.5,3.0,4,4
XAUUSD,H2,short,04a_hvn,2.5,5,0.4,0.4,2.0,1.6666666666666667,5.0,3.0,-2.0,4.0,2,3
XAUUSD,H2,short,04b_avwap,2.5,0,,,0.0,,0.0,0.0,0.0,0.0,0,0
XAUUSD,H2,short,05_triple_reg,2.5,15,0.26666666666666666,-0.19586077140168853,-2.937911571025328,0.7729222715044033,10.0,12.937911571025328,-2.0,-0.9379115710253285,9,6
XAUUSD,H2,short,05_triple_hid,2.5,36,0.3611111111111111,0.2638888888888889,9.5,1.4130434782608696,32.5,23.0,6.5,3.0,18,18
XAUUSD,H2,short,06_ma200,2.5,18,0.5555555555555556,0.9444444444444444,17.0,3.125,25.0,8.0,2.0,15.0,5,13
XAUUSD,H2,short,06_ma200_bb,2.5,0,,,0.0,,0.0,0.0,0.0,0.0,0,0
XAUUSD,H2,short,10_wave5,2.5,29,0.27586206896551724,-0.034482758620689655,-1.0,0.9523809523809523,20.0,21.0,0.5,-1.5,17,12
XAUUSD,H2,short,11_mtf,2.5,5,0.4,0.4,2.0,1.6666666666666667,5.0,3.0,2.0,0.0,5,0
XAUUSD,H2,short,12_obv,2.5,58,0.27586206896551724,-0.06789502708664359,-3.937911571025328,0.9103755406157681,40.0,43.93791157102533,-5.0,1.062088428974672,26,32
XAUUSD,H2,short,12_obv_bb,2.5,34,0.38235294117647056,0.3382352941176471,11.5,1.5476190476190477,32.5,21.0,2.0,9.5,12,22
XAUUSD,H2,short,03_reentry,2.5,47,0.3404255319148936,0.19148936170212766,9.0,1.2903225806451613,40.0,31.0,5.5,3.5,19,28
XAUUSD,H2,short,07_bos,2.5,32,0.1875,-0.31309838895281933,-10.019148446490219,0.5995407890113165,15.0,25.01914844649022,-10.019148446490219,0.0,18,14
XAUUSD,H2,short,07_retest,2.5,28,0.17857142857142858,-0.33978479874666995,-9.513974364906758,0.5678211391000202,12.5,22.01397436490676,-7.01397436490676,-2.5,15,13
XAUUSD,H2,short,08_choch,2.5,8,0.375,0.3125,2.5,1.5,7.5,5.0,2.0,0.5,5,3
XAUUSD,H4,long,00_base_div,1.5,7,0.42857142857142855,0.07142857142857142,0.5,1.125,4.5,4.0,-0.5,1.0,3,4
XAUUSD,H4,long,00_base_hid,1.5,5,0.6,0.5,2.5,2.25,4.5,2.0,1.0,1.5,4,1
XAUUSD,H4,long,02_fib_deep,1.5,4,0.0,-1.0,-4.0,0.0,0.0,4.0,-3.0,-1.0,3,1
XAUUSD,H4,long,04a_hvn,1.5,2,0.0,-1.0,-2.0,0.0,0.0,2.0,-1.0,-1.0,1,1
XAUUSD,H4,long,04b_avwap,1.5,0,,,0.0,,0.0,0.0,0.0,0.0,0,0
XAUUSD,H4,long,05_triple_reg,1.5,2,0.5,0.25,0.5,1.5,1.5,1.0,-1.0,1.5,1,1
XAUUSD,H4,long,05_triple_hid,1.5,27,0.5185185185185185,0.2962962962962963,8.0,1.6153846153846154,21.0,13.0,4.5,3.5,13,14
XAUUSD,H4,long,06_ma200,1.5,27,0.4444444444444444,0.1111111111111111,3.0,1.2,18.0,15.0,1.5,1.5,11,16
XAUUSD,H4,long,06_ma200_bb,1.5,4,0.5,0.25,1.0,1.5,3.0,2.0,-0.5,1.5,3,1
XAUUSD,H4,long,10_wave5,1.5,3,0.0,-1.0,-3.0,0.0,0.0,3.0,-1.0,-2.0,1,2
XAUUSD,H4,long,11_mtf,1.5,0,,,0.0,,0.0,0.0,0.0,0.0,0,0
XAUUSD,H4,long,12_obv,1.5,25,0.36,-0.1,-2.5,0.84375,13.5,16.0,0.0,-2.5,15,10
XAUUSD,H4,long,12_obv_bb,1.5,14,0.2857142857142857,-0.2857142857142857,-4.0,0.6,6.0,10.0,0.5,-4.5,7,7
XAUUSD,H4,long,03_reentry,1.5,9,0.3333333333333333,-0.16666666666666666,-1.5,0.75,4.5,6.0,-3.0,1.5,3,6
XAUUSD,H4,long,07_bos,1.5,9,0.5555555555555556,0.3888888888888889,3.5,1.875,7.5,4.0,2.5,1.0,5,4
XAUUSD,H4,long,07_retest,1.5,6,0.5,0.25,1.5,1.5,4.5,3.0,0.5,1.0,2,4
XAUUSD,H4,long,08_choch,1.5,1,0.0,-1.0,-1.0,0.0,0.0,1.0,0.0,-1.0,0,1
XAUUSD,H4,long,00_base_div,2.5,7,0.2857142857142857,0.0,0.0,1.0,5.0,5.0,0.5,-0.5,3,4
XAUUSD,H4,long,00_base_hid,2.5,5,0.6,1.1,5.5,3.75,7.5,2.0,3.0,2.5,4,1
XAUUSD,H4,long,02_fib_deep,2.5,4,0.0,-1.0,-4.0,0.0,0.0,4.0,-3.0,-1.0,3,1
XAUUSD,H4,long,04a_hvn,2.5,2,0.0,-1.0,-2.0,0.0,0.0,2.0,-1.0,-1.0,1,1
XAUUSD,H4,long,04b_avwap,2.5,0,,,0.0,,0.0,0.0,0.0,0.0,0,0
XAUUSD,H4,long,05_triple_reg,2.5,2,0.0,-1.0,-2.0,0.0,0.0,2.0,-1.0,-1.0,1,1
XAUUSD,H4,long,05_triple_hid,2.5,27,0.4444444444444444,0.5555555555555556,15.0,2.0,30.0,15.0,4.5,10.5,13,14
XAUUSD,H4,long,06_ma200,2.5,27,0.4074074074074074,0.42592592592592593,11.5,1.71875,27.5,16.0,3.0,8.5,11,16
XAUUSD,H4,long,06_ma200_bb,2.5,4,0.5,0.75,3.0,2.5,5.0,2.0,0.5,2.5,3,1
XAUUSD,H4,long,10_wave5,2.5,3,0.0,-1.0,-3.0,0.0,0.0,3.0,-1.0,-2.0,1,2
XAUUSD,H4,long,11_mtf,2.5,0,,,0.0,,0.0,0.0,0.0,0.0,0,0
XAUUSD,H4,long,12_obv,2.5,25,0.28,-0.02,-0.5,0.9722222222222222,17.5,18.0,6.0,-6.5,15,10
XAUUSD,H4,long,12_obv_bb,2.5,14,0.21428571428571427,-0.25,-3.5,0.6818181818181818,7.5,11.0,3.5,-7.0,7,7
XAUUSD,H4,long,03_reentry,2.5,9,0.3333333333333333,0.16666666666666666,1.5,1.25,7.5,6.0,-3.0,4.5,3,6
XAUUSD,H4,long,07_bos,2.5,9,0.5555555555555556,0.9444444444444444,8.5,3.125,12.5,4.0,5.5,3.0,5,4
XAUUSD,H4,long,07_retest,2.5,6,0.5,0.75,4.5,2.5,7.5,3.0,1.5,3.0,2,4
XAUUSD,H4,long,08_choch,2.5,1,0.0,-1.0,-1.0,0.0,0.0,1.0,0.0,-1.0,0,1
XAUUSD,H4,short,00_base_div,1.5,6,0.3333333333333333,-0.16850583460172772,-1.0110350076103662,0.7479366284033743,3.0,4.011035007610366,-1.0110350076103662,0.0,6,0
XAUUSD,H4,short,00_base_hid,1.5,1,0.0,-1.0,-1.0,0.0,0.0,1.0,-1.0,0.0,1,0
XAUUSD,H4,short,02_fib_deep,1.5,6,0.5,0.25,1.5,1.5,4.5,3.0,-1.5,3.0,4,2
XAUUSD,H4,short,04a_hvn,1.5,3,0.0,-1.0,-3.0,0.0,0.0,3.0,-2.0,-1.0,2,1
XAUUSD,H4,short,04b_avwap,1.5,0,,,0.0,,0.0,0.0,0.0,0.0,0,0
XAUUSD,H4,short,05_triple_reg,1.5,10,0.2,-0.5,-5.0,0.375,3.0,8.0,-3.5,-1.5,6,4
XAUUSD,H4,short,05_triple_hid,1.5,12,0.25,-0.3844108789760963,-4.612930547713156,0.4938038292335337,4.5,9.112930547713155,-2.612930547713156,-2.0,5,7
XAUUSD,H4,short,06_ma200,1.5,8,0.375,-0.0625,-0.5,0.9,4.5,5.0,0.5,-1.0,2,6
XAUUSD,H4,short,06_ma200_bb,1.5,0,,,0.0,,0.0,0.0,0.0,0.0,0,0
XAUUSD,H4,short,10_wave5,1.5,16,0.25,-0.3756896879756479,-6.011035007610366,0.49954063044511254,6.0,12.011035007610367,-2.5110350076103662,-3.5,5,11
XAUUSD,H4,short,11_mtf,1.5,0,,,0.0,,0.0,0.0,0.0,0.0,0,0
XAUUSD,H4,short,12_obv,1.5,32,0.25,-0.375344843987824,-12.011035007610367,0.49977020966387187,12.0,24.011035007610367,-7.511035007610366,-4.5,15,17
XAUUSD,H4,short,12_obv_bb,1.5,12,0.3333333333333333,-0.1675862506341972,-2.0110350076103662,0.7489668930793695,6.0,8.011035007610367,-5.511035007610366,3.5,8,4
XAUUSD,H4,short,03_reentry,1.5,19,0.2631578947368421,-0.34210526315789475,-6.5,0.5357142857142857,7.5,14.0,0.5,-7.0,12,7
XAUUSD,H4,short,07_bos,1.5,17,0.23529411764705882,-0.45067649624548844,-7.661500436173304,0.4106538126020535,5.338499563826696,13.0,-5.0,-2.6615004361733035,10,7
XAUUSD,H4,short,07_retest,1.5,14,0.2857142857142857,-0.2857142857142857,-4.0,0.6,6.0,10.0,-4.0,0.0,9,5
XAUUSD,H4,short,08_choch,1.5,4,0.25,-0.17459214886566382,-0.6983685954626553,0.6823241576030242,1.5,2.1983685954626555,0.3016314045373447,-1.0,3,1
XAUUSD,H4,short,00_base_div,2.5,6,0.3333333333333333,0.16482749873160563,0.9889649923896338,1.2465610473389572,5.0,4.011035007610366,0.9889649923896338,0.0,6,0
XAUUSD,H4,short,00_base_hid,2.5,1,0.0,-1.0,-1.0,0.0,0.0,1.0,-1.0,0.0,1,0
XAUUSD,H4,short,02_fib_deep,2.5,6,0.5,0.75,4.5,2.5,7.5,3.0,-0.5,5.0,4,2
XAUUSD,H4,short,04a_hvn,2.5,3,0.0,-1.0,-3.0,0.0,0.0,3.0,-2.0,-1.0,2,1
XAUUSD,H4,short,04b_avwap,2.5,0,,,0.0,,0.0,0.0,0.0,0.0,0,0
XAUUSD,H4,short,05_triple_reg,2.5,10,0.2,-0.3,-3.0,0.625,5.0,8.0,-2.5,-0.5,6,4
XAUUSD,H4,short,05_triple_hid,2.5,12,0.0,-1.0094108789760963,-12.112930547713155,0.0,0.0,12.112930547713155,-5.112930547713156,-7.0,5,7
XAUUSD,H4,short,06_ma200,2.5,8,0.125,-0.5625,-4.5,0.35714285714285715,2.5,7.0,-2.0,-2.5,2,6
XAUUSD,H4,short,06_ma200_bb,2.5,0,,,0.0,,0.0,0.0,0.0,0.0,0,0
XAUUSD,H4,short,10_wave5,2.5,16,0.25,-0.1256896879756479,-2.0110350076103662,0.8325677174085209,10.0,12.011035007610367,-1.511035007610366,-0.5,5,11
XAUUSD,H4,short,11_mtf,2.5,0,,,0.0,,0.0,0.0,0.0,0.0,0,0
XAUUSD,H4,short,12_obv,2.5,32,0.1875,-0.344094843987824,-11.011035007610367,0.576678321166815,15.0,26.011035007610367,-4.511035007610366,-6.5,15,17
XAUUSD,H4,short,12_obv_bb,2.5,12,0.16666666666666666,-0.4175862506341972,-5.011035007610366,0.4994488578053129,5.0,10.011035007610367,-4.511035007610366,-0.5,8,4
XAUUSD,H4,short,03_reentry,2.5,19,0.2631578947368421,-0.07894736842105263,-1.5,0.8928571428571429,12.5,14.0,5.5,-7.0,12,7
XAUUSD,H4,short,07_bos,2.5,15,0.13333333333333333,-0.6441000290782203,-9.661500436173304,0.2568076587558997,3.3384995638266965,13.0,-8.0,-1.6615004361733035,8,7
XAUUSD,H4,short,07_retest,2.5,12,0.25,-0.255313284743064,-3.063759416916768,0.659582287009248,5.936240583083232,9.0,-3.5,0.4362405830832319,7,5
XAUUSD,H4,short,08_choch,2.5,4,0.0,-0.7995921488656639,-3.1983685954626555,0.0,0.0,3.1983685954626555,-2.1983685954626555,-1.0,3,1
