family,symbol,tf,direction,p1,p2,p3,p4,p5,trades,winrate,avg_r,sum_r,pf,net05,risk_pct,h1,h2,q_pos
G.DONCH,US100,H4,long,N20,tr2.0,,,,74,0.43243243243243246,0.08278641485732473,6.1261946994420295,1.2241060434439819,0.03827956522665346,0.013190410769191719,0.1651961274524585,0.016456646183192643,3
G.DONCH,US100,H4,short,N20,tr2.0,,,,57,0.3684210526315789,-0.12543052943250588,-7.149540177652835,0.733171806752965,-0.16444610176874425,0.014182126762063468,0.09886293289595185,-0.34198973443929276,2
G.DONCH,US100,H4,long,N20,tr3.0,,,,53,0.4339622641509434,0.1544933095690506,8.188145407159682,1.485784395378708,0.12657905470603242,0.021264536224415292,0.2059655653620561,0.11189558063690817,3
G.DONCH,US100,H4,short,N20,tr3.0,,,,49,0.2653061224489796,-0.23932264779381474,-11.726809741896922,0.47762821754927554,-0.26540681738680894,0.02139680785879549,-0.12092935603637635,-0.36264899337447964,0
G.DONCH,US100,H4,long,N55,tr2.0,,,,47,0.48936170212765956,0.1702160853494307,8.000156011423243,1.5286229622198948,0.12175151566709501,0.01141379596052255,0.3129953181603466,0.07333017737059491,3
G.DONCH,US100,H4,short,N55,tr2.0,,,,29,0.3103448275862069,-0.1364926340178665,-3.9582863865181284,0.7025578964646275,-0.16943485850811008,0.016205351718884185,0.41808160678187883,-0.5870842046676596,2
G.DONCH,US100,H4,long,N55,tr3.0,,,,36,0.4444444444444444,0.11771565915901563,4.237763729724563,1.3828727848092603,0.08692161382674307,0.017960784681802303,0.15582038127442566,0.08723188146668766,3
G.DONCH,US100,H4,short,N55,tr3.0,,,,25,0.28,-0.29486346440634437,-7.37158661015861,0.36497825904507836,-0.3167129780810642,0.024575602358257728,0.15441185031792434,-0.647865497403984,2
H.IGNPB,US100,H4,long,pb0.4,mid,t20,,,73,0.1506849315068493,0.5594955761837146,40.84317706141116,1.6669767715507355,0.3358163151935895,0.003789531933400267,0.6331790366896504,0.4878035605563177,3
H.IGNPB,US100,H4,short,pb0.4,mid,t20,,,81,0.08641975308641975,-0.1502601274077041,-12.171070320024032,0.8334867111063724,-0.386423507631991,0.0038300452274663025,-0.34661459089798163,0.08324247782397735,2
H.IGNPB,US100,H4,long,pb0.4,mid,2.5R,,,82,0.2804878048780488,-0.018292682926828983,-1.4999999999999765,0.9745762711864412,-0.24251185483033397,0.0036242505813125453,-0.19230769230769063,0.1395348837209293,3
H.IGNPB,US100,H4,short,pb0.4,mid,2.5R,,,89,0.2247191011235955,-0.21348314606741417,-18.99999999999986,0.7246376811594224,-0.4455446703384658,0.0037616963595207163,-0.29999999999999705,-0.12499999999999983,1
H.IGNPB,US100,H4,long,pb0.4,mid,3.5R,,,79,0.22784810126582278,0.015175577745347252,1.1988706418824329,1.01939884682261,-0.20884653449600746,0.0036738182833865275,-0.1710526315789486,0.18777733272884095,1
H.IGNPB,US100,H4,short,pb0.4,mid,3.5R,,,89,0.20224719101123595,-0.08988764044943998,-8.000000000000158,0.8873239436619695,-0.3219491647204917,0.0037616963595207163,-0.20000000000000295,0.02272727272727212,2
H.IGNPB,US100,H4,long,pb0.4,low,t20,,,66,0.3333333333333333,0.14569539904011508,9.615896336647596,1.2305718769119443,0.09030628264620609,0.012156756571736354,0.3797559627663482,-0.061615385974548534,3
H.IGNPB,US100,H4,short,pb0.4,low,t20,,,71,0.22535211267605634,-0.22616809132207813,-16.057934483867548,0.6889875329610146,-0.2809466145453537,0.012400298785814778,-0.27199943386268194,-0.1762928067925975,1
H.IGNPB,US100,H4,long,pb0.4,low,2.5R,,,57,0.2807017543859649,-0.01911777584842252,-1.0897132233600837,0.9728987255066665,-0.07495470779534567,0.012227090404903263,0.12996732625307503,-0.12754330464951164,2
H.IGNPB,US100,H4,short,pb0.4,low,2.5R,,,62,0.20967741935483872,-0.28434816936500307,-17.62958650063019,0.6410922853896202,-0.34075751848195684,0.012221769646523968,-0.2499999999999995,-0.3126348970773588,1
H.IGNPB,US100,H4,long,pb0.4,low,3.5R,,,52,0.19230769230769232,-0.15557140814154133,-8.08971322336015,0.8036902824416874,-0.20852955103329263,0.012774840985042944,0.09213981869885889,-0.35203203632530705,2
H.IGNPB,US100,H4,short,pb0.4,low,3.5R,,,59,0.1864406779661017,-0.16305271560077755,-9.620110220445875,0.800081292906965,-0.2198639711660293,0.012412055783185445,-0.035714285714286094,-0.278068071627286,2
H.IGNPB,US100,H4,long,pb0.8,mid,t20,,,29,0.0,-1.2010794246733043,-34.83130331552582,0.0,-2.277064273912157,0.0025398767013981964,-1.0,-1.3430178420897543,0
H.IGNPB,US100,H4,short,pb0.8,mid,t20,,,38,0.02631578947368421,-0.7514349899764323,-28.55452961910443,0.2282559562404208,-1.6251156176795096,0.0022258954414529873,-1.0,-0.4752516455058017,0
H.IGNPB,US100,H4,long,pb0.8,mid,2.5R,,,29,0.20689655172413793,-0.2758620689655075,-7.9999999999997184,0.6521739130434905,-1.3518469182043604,0.0025398767013981964,-1.0,0.2352941176470754,1
H.IGNPB,US100,H4,short,pb0.8,mid,2.5R,,,40,0.15,-0.47499999999999715,-18.999999999999886,0.4411764705882386,-1.3501884473944858,0.002143555461047808,-0.5,-0.4473684210526256,0
H.IGNPB,US100,H4,long,pb0.8,mid,3.5R,,,29,0.20689655172413793,-0.06896551724138902,-2.0000000000002816,0.9130434782608572,-1.1449503664802418,0.0025398767013981964,-1.0,0.5882352941176305,1
H.IGNPB,US100,H4,short,pb0.8,mid,3.5R,,,40,0.075,-0.6625000000000008,-26.500000000000032,0.28378378378378294,-1.5376884473944894,0.002143555461047808,-0.5714285714285714,-0.7631578947368438,0
H.IGNPB,US100,H4,long,pb0.8,low,t20,,,50,0.22,-0.10415204269606124,-5.207602134803062,0.8664717401332549,-0.1875405371328628,0.009269938308935173,0.03512823366957826,-0.20501017385738632,1
H.IGNPB,US100,H4,short,pb0.8,low,t20,,,57,0.15789473684210525,-0.2642625696418601,-15.062966469586028,0.6790481729696782,-0.34588772487325053,0.009135202395740945,-0.2671645780800796,-0.261460630460131,0
H.IGNPB,US100,H4,long,pb0.8,low,2.5R,,,45,0.17777777777777778,-0.3885803998831571,-17.48611799474207,0.5274022163583224,-0.47424620640908277,0.009366911300468265,-0.7990745329828022,-0.18333333333333449,2
H.IGNPB,US100,H4,short,pb0.8,low,2.5R,,,55,0.14545454545454545,-0.4933818763194272,-27.136003197568495,0.4243041124248666,-0.5759626704033977,0.009065495399038209,-0.416666666666668,-0.552774296695757,0
H.IGNPB,US100,H4,long,pb0.8,low,3.5R,,,44,0.13636363636363635,-0.42013904533504576,-18.486117994742013,0.5135232106646839,-0.505149451615741,0.009480552877728256,-0.7990745329828022,-0.22413793103448212,2
H.IGNPB,US100,H4,short,pb0.8,low,3.5R,,,53,0.1320754716981132,-0.40822647542581925,-21.63600319756842,0.5310386314801383,-0.4913235051387595,0.00911779140146257,-0.43749999999999867,-0.38400011026098113,0
I.IGN+MA,US100,H4,long,ma0,t20,,,,105,0.2571428571428571,0.100199999123412,10.52099990795826,1.1317965081522348,0.0016016206298504426,0.006528790799327507,0.09262705407665979,0.10682632603932,2
I.IGN+MA,US100,H4,long,ma50,t20,,,,75,0.24,0.00030669774471177763,0.023002330853383324,1.000403599957606,-0.1077933725966027,0.005919241210586548,0.1392430016378223,-0.10308776096644025,3
I.IGN+MA,US100,H4,long,ma100,t20,,,,75,0.18666666666666668,-0.1761436734508432,-13.21077550881324,0.7897297691584366,-0.2852248854913537,0.005918102414901394,-0.13032548049066134,-0.2141392481007501,0
I.SQZ+MA,US100,H4,long,nr5,ma0,3.5R,,,101,0.3465346534653465,0.5486161996173319,55.410236161350525,1.8259119274083597,0.33497994824760075,0.0030113459190395687,0.7162429330135337,0.3707266049927912,4
I.SQZ+MA,US100,H4,long,nr5,ma50,3.5R,,,63,0.31746031746031744,0.41127358986270596,25.910236161350475,1.587670105382543,0.17020927603907782,0.0025996843803452185,0.5801654470251323,0.2761601041327649,4
I.SQZ+MA,US100,H4,long,nr5,ma100,3.5R,,,67,0.26865671641791045,0.20895522388059531,13.999999999999886,1.2857142857142834,-0.04347263137901638,0.002396382354797035,0.306451612903227,0.12499999999999595,4
I.SQZ+MA,US100,H4,long,nr7,ma0,3.5R,,,62,0.3709677419354839,0.6517780026024276,40.41023616135051,2.007993869058222,0.4190165324881289,0.0026500168539765,0.8307244857854015,0.43448584445167376,4
I.SQZ+MA,US100,H4,long,nr7,ma50,3.5R,,,39,0.3333333333333333,0.47205733747052686,18.410236161350547,1.6796012054960934,0.21298923744702172,0.002452998798958197,0.7080351398168726,0.2697906497450876,4
I.SQZ+MA,US100,H4,long,nr7,ma100,3.5R,,,43,0.27906976744186046,0.25581395348837,10.99999999999991,1.3548387096774164,-0.012457283420586671,0.002312182604680352,0.4999999999999994,0.022727272727269175,3
G.DONCH,US100,H8,long,N20,tr2.0,,,,23,0.391304347826087,0.12350734281160061,2.840668884666814,1.3313171586784123,0.10055593605722517,0.023796747625760818,0.08983723265785588,0.16023837207023126,2
G.DONCH,US100,H8,short,N20,tr2.0,,,,20,0.15,-0.45650435876634604,-9.13008717532692,0.32972086870117584,-0.4758478835433129,0.027073559970150644,0.08530708715652237,-0.8998046327032384,1
G.DONCH,XAUUSD,H4,long,N20,tr2.0,,,,58,0.603448275862069,0.4829139559056958,28.009009442530356,2.997843057124905,0.4426035777918966,0.014028188186172403,0.3869687899948586,0.5857123479530213,4
G.DONCH,XAUUSD,H4,short,N20,tr2.0,,,,38,0.42105263157894735,0.035375305032098577,1.344261591219746,1.088348693837485,0.0005184767417770624,0.017312141022408953,-0.17853884411661058,0.2996221951569746,2
G.DONCH,XAUUSD,H4,long,N20,tr3.0,,,,44,0.6136363636363636,0.41024379989548526,18.05072719540135,2.9162557844969865,0.38319706922945435,0.021208724051122254,0.28026219364462557,0.5526046067416648,4
G.DONCH,XAUUSD,H4,short,N20,tr3.0,,,,31,0.5161290322580645,0.00884843182384866,0.27430138653930847,1.0257275611823151,-0.01547080525305381,0.024470391157283472,-0.3075210853671083,0.5097668340428639,1
G.DONCH,XAUUSD,H4,long,N55,tr2.0,,,,46,0.5869565217391305,0.4260966260160006,19.600444796736028,2.7331489539376848,0.38389860738401205,0.013310463644246057,0.19842488505718428,0.6744657979710728,4
G.DONCH,XAUUSD,H4,short,N55,tr2.0,,,,23,0.2608695652173913,-0.27365547724208056,-6.294075976567853,0.4152093941245542,-0.3040763095506754,0.020488398485459466,-0.3328587220244407,-0.21938583619158378,0
G.DONCH,XAUUSD,H4,long,N55,tr3.0,,,,35,0.4857142857142857,0.3558479977678809,12.454679921875831,2.3715617008446346,0.3272727747593067,0.019820599972266078,0.08533988669291306,0.6770763796694053,3
G.DONCH,XAUUSD,H4,short,N55,tr3.0,,,,20,0.15,-0.3475630443894744,-6.951260887789488,0.36266711648742084,-0.3689979830830355,0.029043646552446033,-0.4730192388973326,-0.2221068498816162,0
H.IGNPB,XAUUSD,H4,long,pb0.4,mid,t20,,,48,0.1875,0.16327806789464838,7.837347258943122,1.194304090230928,-0.16981065534654402,0.002781197080729649,-0.3679723489744554,0.6520284514142238,1
H.IGNPB,XAUUSD,H4,short,pb0.4,mid,t20,,,50,0.06,-0.5748124375613783,-28.740621878068918,0.3859998993679038,-0.807181722557555,0.003765161249465239,-0.5579521676769107,-0.5946049282953186,0
H.IGNPB,XAUUSD,H4,long,pb0.4,mid,2.5R,,,55,0.43636363636363634,0.502991411823648,27.664527650300645,1.8555473490882122,0.17861102579105745,0.00267438739399046,0.26000000000000745,0.7054842550100152,3
H.IGNPB,XAUUSD,H4,short,pb0.4,mid,2.5R,,,58,0.3275862068965517,0.14655172413792866,8.499999999999863,1.2179487179487143,-0.09731871142570137,0.003864398452363591,0.24193548387096403,0.03703703703703625,2
H.IGNPB,XAUUSD,H4,long,pb0.4,mid,3.5R,,,54,0.3333333333333333,0.47526903056111475,25.664527650300197,1.6874033200896872,0.15104272223423165,0.00269608247914406,0.4399999999999926,0.5056733672517374,4
H.IGNPB,XAUUSD,H4,short,pb0.4,mid,3.5R,,,58,0.29310344827586204,0.3189655172413816,18.500000000000135,1.4512195121951252,0.0750950816777516,0.003864398452363591,0.4516129032258101,0.16666666666666746,3
H.IGNPB,XAUUSD,H4,long,pb0.4,low,t20,,,42,0.30952380952380953,0.048099020420168684,2.020158857647085,1.0723755945730804,-0.0226700698417427,0.009667569831318092,-0.1552002458014526,0.23291653516709718,2
H.IGNPB,XAUUSD,H4,short,pb0.4,low,t20,,,45,0.24444444444444444,-0.28064452955814473,-12.629003830116513,0.605139813096854,-0.3378776284083367,0.01183808471740655,-0.2901860278053787,-0.26973996013273455,1
H.IGNPB,XAUUSD,H4,long,pb0.4,low,2.5R,,,44,0.29545454545454547,-0.013565859108595394,-0.5968978007781973,0.9807452322329614,-0.08649365116364337,0.009227095069736362,0.11363636363636283,-0.14076808185355358,2
H.IGNPB,XAUUSD,H4,short,pb0.4,low,2.5R,,,42,0.21428571428571427,-0.24053529934325207,-10.102482572416587,0.6901314938217675,-0.29310246166268045,0.013234637169119587,-0.4264464511798204,-0.08695652173913043,1
H.IGNPB,XAUUSD,H4,long,pb0.4,low,3.5R,,,42,0.2619047619047619,0.10483576664813953,4.40310219922186,1.1420355548136085,0.03274713756063768,0.00935424785963225,0.07142857142857227,0.13824296186770677,2
H.IGNPB,XAUUSD,H4,short,pb0.4,low,3.5R,,,39,0.1794871794871795,-0.2435863605485477,-9.49986806139336,0.6993948801451099,-0.2971812614191202,0.012883076584775334,-0.2685517143377142,-0.21986927444883958,1
H.IGNPB,XAUUSD,H4,long,pb0.8,low,t20,,,33,0.18181818181818182,-0.11168471348810816,-3.685595545107569,0.8584144836353701,-0.22603894496542662,0.006381552518379471,-0.01841284504718453,-0.1894112705222112,2
H.IGNPB,XAUUSD,H4,short,pb0.8,low,t20,,,38,0.13157894736842105,-0.3927594298562881,-14.924858334538948,0.5477315656200318,-0.47773567867245614,0.008519844061661135,-0.6492306736743277,-0.13628818603824847,1
H.IGNPB,XAUUSD,H4,long,pb0.8,low,2.5R,,,37,0.2702702702702703,-0.05405405405405288,-1.9999999999999565,0.9259259259259276,-0.1719506178490175,0.006086295822110133,-0.027777777777776125,-0.0789473684210519,1
H.IGNPB,XAUUSD,H4,short,pb0.8,low,2.5R,,,40,0.225,-0.21250000000000005,-8.500000000000002,0.7258064516129032,-0.29449251169340046,0.009121871200971729,-0.30000000000000043,-0.12499999999999967,1
H.IGNPB,XAUUSD,H4,long,pb0.8,low,3.5R,,,34,0.17647058823529413,-0.2847201726962718,-9.680485871673241,0.6542683617259556,-0.3997537994718761,0.006291032136545669,-0.4705882352941194,-0.09885211009842418,1
H.IGNPB,XAUUSD,H4,short,pb0.8,low,3.5R,,,39,0.10256410256410256,-0.5384615384615388,-21.00000000000001,0.39999999999999963,-0.6196490089235672,0.009242698817432048,-0.5263157894736842,-0.5500000000000006,0
I.IGN+MA,XAUUSD,H4,long,ma0,t20,,,,60,0.38333333333333336,1.014434515705059,60.86607094230354,2.5879586859253108,0.8949989321249121,0.005184583597102898,0.7569046325937397,1.2719643988163782,4
I.IGN+MA,XAUUSD,H4,long,ma50,t20,,,,48,0.375,1.2352852405983872,59.293691548722585,2.892567857777246,1.1125896993981435,0.00459426171876882,0.7202794908318655,1.843928399413368,3
I.IGN+MA,XAUUSD,H4,long,ma100,t20,,,,45,0.35555555555555557,1.0801664682149925,48.607491069674666,2.6362410714655238,0.9562536511841687,0.004562398253542223,0.814008842622419,1.4128635002057095,4
I.SQZ+MA,XAUUSD,H4,long,nr5,ma0,3.5R,,,86,0.3953488372093023,0.758893304951458,65.2648242258254,2.247073374240971,0.5961745252885726,0.00426283708466958,0.9883720930232555,0.5294145168796608,4
I.SQZ+MA,XAUUSD,H4,long,nr5,ma50,3.5R,,,54,0.4444444444444444,0.9938075940822643,53.66561008044227,2.7691343133241055,0.8200640574434056,0.0035659454294331506,1.089285714285712,0.8909850030939357,3
I.SQZ+MA,XAUUSD,H4,long,nr5,ma100,3.5R,,,59,0.423728813559322,0.9011519531904723,53.16796523823786,2.5486400851910664,0.7295346335686234,0.003695387530136818,1.109374999999998,0.654369082897701,3
I.SQZ+MA,XAUUSD,H4,long,nr7,ma0,3.5R,,,61,0.36065573770491804,0.5945439243216549,36.26717938362095,1.9220773754344203,0.432107635577566,0.004388332488433988,0.557692307692306,0.6219194109605999,4
I.SQZ+MA,XAUUSD,H4,long,nr7,ma50,3.5R,,,38,0.3684210526315789,0.6491569799536281,24.66796523823787,2.013806098822599,0.4674272802265435,0.0035845141938645455,0.24999999999999772,1.0083982619118954,2
I.SQZ+MA,XAUUSD,H4,long,nr7,ma100,3.5R,,,40,0.35,0.566699130955947,22.667965238237883,1.860851257539545,0.388593709708175,0.00371867577714424,0.34999999999999787,0.7833982619118963,3
G.DONCH,XAUUSD,H8,long,N20,tr2.0,,,,32,0.5625,0.6088468268617854,19.483098459577132,4.423190779150932,0.5798890242908797,0.019412465935505215,0.26119643762899925,1.0028506013256098,4
G.DONCH,XAUUSD,H8,long,N55,tr2.0,,,,21,0.5714285714285714,0.763338507934425,16.030108666622926,5.245820168875897,0.7323993812985792,0.017446730314291423,0.3012725801085336,1.1833984423215993,4
