direction,k,tol,bottoms,entry,tp,trades,avg_r,net05,winrate,pf,h1_avg_r,h2_avg_r,pos_ds,n_ds
long,3,0.5,3,confirm,3.5R,64,0.38648818256958417,0.28947304346284997,0.40625,1.7038579032305563,0.39237821126578354,0.3827125231489435,4,5
long,3,0.5,3,touch,3.5R,92,0.3066070719210392,0.1957233724004892,0.358695652173913,1.5052626713769002,0.42962227562347494,0.22752586954090193,6,6
long,3,0.5,3,confirm,2.5R,64,0.2506559936821846,0.15364085457545043,0.421875,1.4938188419719858,0.32280341949876223,0.20440764379976314,3,5
long,3,0.5,3,confirm,1.5R,64,0.20119738996586137,0.10418225085912716,0.5,1.4521690092288837,0.33513093130470073,0.11534255577429761,4,5
long,3,1.0,3,confirm,3.5R,169,0.18180465219373027,0.09482162606126368,0.36094674556213013,1.4417665190479934,0.13161359851459611,0.22381238190344033,6,8
long,3,0.5,3,touch,2.5R,92,0.19470133657526087,0.08381763705471097,0.3913043478260869,1.353102255056629,0.35973638612036013,0.08860737615341141,2,6
long,5,1.0,2,touch,3.5R,650,0.1572119409191686,0.06772195212383389,0.32769230769230767,1.2926381294915095,0.2058116799746372,0.11477470479868732,10,12
long,3,0.5,2,touch,3.5R,663,0.1737990185616118,0.06376971310594985,0.3152337858220211,1.3043371698621935,0.23682499144921004,0.11811413910694397,10,12
long,5,1.0,2,confirm,3.5R,520,0.13360687356111406,0.05586603167958633,0.33076923076923076,1.2876296699934313,0.17928496528581622,0.09475611227213249,10,12
long,3,1.0,2,touch,3.5R,935,0.14688924374838455,0.04307793226428784,0.309090909090909,1.2412892688935546,0.24007272443210623,0.06547041092653555,9,12
long,3,1.0,3,confirm,2.5R,170,0.12474576357766491,0.037987951275283025,0.38235294117647056,1.3319457180726961,0.13438710675066878,0.11657158132229205,5,8
long,3,1.0,3,touch,1.5R,242,0.1317118891725834,0.03297503368049006,0.4669421487603306,154958678.89591223,0.16013012209120572,0.10722848850423178,9,10
long,3,0.5,3,touch,1.5R,92,0.14275387616797944,0.03187017664742951,0.47826086956521735,1.3156801919658077,0.282196729377713,0.053112041961722124,4,6
short,5,1.0,3,touch,measured,133,0.11956959829464765,0.030206528587962196,0.6240601503759398,1.3468270524131514,0.14532413580415074,0.09180298754221462,6,7
long,5,1.0,3,confirm,3.5R,72,0.10334270914941263,0.029551131207563825,0.33333333333333337,1.2961535143030651,0.022337486052886702,0.15797413867962776,4,6
long,3,1.0,2,confirm,3.5R,762,0.11381379088633141,0.02420205490308508,0.3123359580052494,1.1993343209886245,0.21019049370708573,0.032801489964537925,10,12
long,5,0.5,2,touch,3.5R,444,0.11579226727710466,0.02388444968360215,0.31756756756756754,1.2525480952971157,0.09933545022879996,0.129907947172094,8,11
long,3,1.0,3,touch,3.5R,229,0.121553374685709,0.02087669970804323,0.3275109170305677,1.2325638982811122,0.12394550595282508,0.11945535791864816,7,9
long,3,0.5,2,confirm,3.5R,541,0.10973960735384883,0.019518783502485784,0.3086876155268022,1.2414564149769132,0.23328879223397467,0.005941482641634315,10,12
long,5,0.5,2,confirm,3.5R,356,0.09048358092145958,0.013833957127072905,0.3286516853932584,1.1827373283386462,0.08346296384208574,0.09648035801009142,7,10
long,3,0.5,2,touch,2.5R,695,0.12246677592696506,0.011580966857461895,0.3539568345323741,1.2718728184748511,0.16417238814770105,0.08604462401451635,10,12
long,5,1.0,2,touch,2.5R,672,0.09384857271072211,0.005190424880740577,0.3556547619047619,1.209099801851028,0.1757138162688472,0.02289869496034707,10,12
long,5,1.0,3,touch,1.5R,111,0.07753255827685818,-0.0038703500734785417,0.4414414414414414,1.246120965644133,-0.11181563779838732,0.2165851397696166,5,7
short,3,1.0,3,touch,measured,324,0.09372124274454706,-0.007848659941006298,0.6296296296296295,1.427682687257354,0.0861689554958761,0.10155852196486599,8,11
long,3,1.0,2,touch,2.5R,983,0.09557920227063518,-0.009015577301370028,0.3458799593082401,1.1749393079642965,0.17271417237272124,0.029108726140996712,10,12
long,5,0.5,2,touch,2.5R,460,0.08135655761445736,-0.00977903248752356,0.3521739130434783,1.2234285000382978,0.09564481334920076,0.06914240351862831,8,11
long,3,1.0,3,confirm,1.5R,172,0.07323004359633524,-0.013527291797958446,0.4476744186046512,1.2064303220523924,0.06652303072483484,0.07892739861621191,6,8
long,5,1.0,2,confirm,2.5R,540,0.06107763675524212,-0.01544618909236646,0.35000000000000003,1.186473281074121,0.0922480384204858,0.035190354016310946,9,12
long,5,1.0,2,touch,1.5R,729,0.07101062809581558,-0.017529213476601357,0.4375857338820302,1.1861594319092923,0.12793318429103637,0.019018372043487962,9,12
long,5,1.0,3,confirm,1.5R,80,0.046757961643393464,-0.023619351279884987,0.425,1.2787858909334273,-0.0641984510858146,0.12876922322585158,4,7
long,3,1.0,2,confirm,2.5R,794,0.06077146202165952,-0.02781778179526437,0.3438287153652393,1.1177554675330375,0.14161070102409698,-0.00696882621649401,9,12
short,3,0.5,3,touch,measured,156,0.08922594521511634,-0.02838051476147132,0.641025641025641,1.3843669463354198,0.11103577316114596,0.0650582980316781,4,8
short,5,1.0,2,touch,measured,882,0.06831288163880299,-0.03373961490832066,0.6190476190476191,1.2478172401209322,0.01203501429602643,0.12160914011573706,6,12
long,5,0.5,2,touch,1.5R,476,0.055580635316901036,-0.035223746616003346,0.43067226890756305,1.2019409708859465,0.11642827202417771,0.0019481333970484554,7,11
long,3,1.0,3,touch,2.5R,230,0.06355072425658129,-0.03690400260346806,0.3521739130434783,1.1246929897183575,0.09229273960963334,0.038106972960436844,7,9
short,5,0.5,3,touch,measured,37,0.07173863032549639,-0.038784662522882714,0.5945945945945946,1.2173840582364848,-0.016163665856673927,0.20066199805934615,3,4
short,3,1.0,3,touch,1.5R,311,0.06302506730221973,-0.03915597318389499,0.4340836012861736,1.2035633871612554,0.022806345164650715,0.1045581267645459,5,11
short,3,1.0,2,touch,measured,1430,0.075912578143731,-0.04001506157782984,0.6321678321678321,1.2459714035349372,0.0487437689600798,0.10103367088823759,7,12
long,3,1.0,2,touch,1.5R,1097,0.06433392978294833,-0.04022110230752262,0.4339106654512305,1.1427925781870167,0.11627087975743032,0.0182074819570745,10,12
long,5,0.5,2,confirm,2.5R,365,0.03410514529612235,-0.04212036219026924,0.3452054794520548,1.1034821680996931,0.02549601510006551,0.04128663078630044,7,10
long,3,0.5,2,confirm,2.5R,560,0.045227473087526365,-0.04487536628704632,0.3357142857142857,1.1275656868252029,0.12289248476382604,-0.021122106424014422,8,12
long,5,1.0,3,touch,3.5R,108,0.03744599819936971,-0.044908830564496696,0.3148148148148149,1.1532052437331546,-0.11282699584189396,0.14478385108598674,6,7
long,3,0.5,2,touch,1.5R,746,0.06562724599898556,-0.046177532835950136,0.4356568364611261,1.221983094332366,0.10977610617975664,0.02639623353455354,8,12
long,3,0.5,2,touch,measured,798,0.06052790580860811,-0.05164285682835192,0.6115288220551377,1.2352699882308287,0.13649282618440856,-0.007156478222910774,11,12
short,3,0.5,2,touch,2.5R,895,0.07217568422939369,-0.05199082344560748,0.31843575418994413,1.1116501603241375,0.022681947832540957,0.11535327434966065,8,12
long,5,1.0,3,confirm,measured,81,0.016183375160103562,-0.05403410704612371,0.6296296296296295,1.3138592708218328,-0.03341876883865142,0.05028484915924761,5,7
long,3,1.0,2,touch,measured,1225,0.05015079083636959,-0.05459257302688148,0.6040816326530611,1.1580583313946047,0.10819722071249212,-0.0015356135440666684,11,12
short,3,0.5,2,touch,measured,1018,0.06618540655216526,-0.05583762539193143,0.6335952848722987,1.2050684283799942,0.04754777891992042,0.08236081548804015,9,12
short,5,0.5,3,confirm,measured,24,0.0342935852004179,-0.06100223829916417,0.6249999999999999,1.1040464022028225,0.12542533854605115,-0.11759267037563746,2,3
long,5,1.0,2,confirm,1.5R,576,0.01335333515354771,-0.06335908489232063,0.4166666666666667,1.1284135271328402,0.09896859918755507,-0.06166459978178776,9,12
long,3,1.0,2,confirm,1.5R,873,0.024900037493770448,-0.06390424141573099,0.42038946162657503,1.0632128700555423,0.11338003287861158,-0.05166918928157286,10,12
long,3,0.5,3,confirm,measured,64,0.03135374703335657,-0.06537773832391286,0.65625,1.1849706954577022,0.017829467151618,0.03894053818652698,3,5
long,5,1.0,2,touch,measured,784,0.02084573446096011,-0.06695792143014465,0.5752551020408162,1.0739527187231326,0.0927476176484916,-0.04440828604743225,10,12
long,5,1.0,3,touch,2.5R,111,0.013133221648096629,-0.06826968670224008,0.34234234234234234,1.1194334213781711,-0.1502733130136714,0.1331348955403326,3,7
long,5,1.0,3,confirm,2.5R,80,0.0007966010123736447,-0.06958071191090481,0.3375000000000001,1.111227652272043,-0.13251534388510378,0.0993315168061613,4,7
short,5,0.5,2,touch,measured,617,0.038573398726630514,-0.07080431406878902,0.6110210696920584,1.145673750190712,-0.03660899156368731,0.1074516755454,7,12
short,5,0.5,2,touch,2.5R,570,0.03833177992817341,-0.07208321403746756,0.3087719298245614,1.0705544959571258,-0.05604094382243813,0.12447064187504034,6,12
short,3,1.0,2,touch,1.5R,1275,0.04306431779295455,-0.07335466438703724,0.4235294117647059,1.0907599511661614,0.0006408350496001715,0.08271965219341935,6,12
short,3,1.0,3,confirm,measured,230,0.01713854261682926,-0.07347601610593725,0.6695652173913045,1.1703118688801653,0.009203747598850742,0.025645214753220683,6,10
long,3,0.5,2,confirm,1.5R,598,0.01760394223328782,-0.07394421402157626,0.4163879598662207,1.0921823835774536,0.06911016311622158,-0.028052991735495737,9,12
long,5,1.0,3,touch,measured,115,0.0041547830872709,-0.07629579427994852,0.5565217391304348,1.1680664745948093,-0.07720826940361039,0.06039101054420355,5,7
short,3,1.0,2,touch,2.5R,1176,0.04030457741130531,-0.07785368760405835,0.3137755102040816,1.0639777552981375,0.03679090447685567,0.043632095488300666,6,12
short,3,1.0,3,confirm,1.5R,224,0.008811628415778821,-0.08292252536420125,0.41517857142857145,1.0606609806455036,-0.03146258700925544,0.05612405624518798,4,9
short,3,0.5,2,touch,1.5R,942,0.03931317548158557,-0.08338055330806547,0.42356687898089174,1.0866824340205485,0.013243948877520539,0.062162696807857735,10,12
long,5,0.5,2,confirm,1.5R,383,-0.008477936697298023,-0.08397257125209377,0.4073107049608356,1.3182379553896613,0.0242221039545938,-0.036871142726745555,7,11
short,5,1.0,2,confirm,measured,674,0.0034899690620384164,-0.0841687268021385,0.672106824925816,1.0743833365381315,-0.06220994521986344,0.06503644048703841,6,12
long,3,1.0,3,confirm,measured,177,0.0009489402923769721,-0.08558650869141045,0.6327683615819208,1.1456168839558853,0.006134037005662613,-0.0032308825683328816,5,8
short,5,1.0,3,confirm,measured,96,-0.0065436332542097506,-0.08650681150539923,0.625,0.9992649533430386,0.022643796774714887,-0.03826910067695392,2,6
short,3,0.5,3,confirm,measured,107,0.01877856612476309,-0.08722217295526412,0.6822429906542056,1.274687643857399,0.04779725872521622,-0.011914281818023877,3,6
short,5,1.0,2,touch,2.5R,784,0.015877815444611615,-0.0878532696250669,0.30612244897959173,1.0347454304152248,-0.005467555495737325,0.03657960736163344,6,12
long,3,1.0,3,touch,measured,250,0.009011139528007472,-0.08900739888309292,0.5720000000000001,79732457.48440936,0.015217214584864872,0.003724482998091901,6,10
long,5,0.5,2,touch,measured,495,-0.0038748805291718025,-0.09357422415147013,0.5595959595959596,1.0693015433540198,0.07989273850573662,-0.08020367625209993,7,11
short,5,1.0,2,touch,1.5R,821,0.006798928215027802,-0.09570271894214995,0.4080389768574908,1.0456126766198808,-0.0633684396476899,0.07346626110122038,5,12
short,3,1.0,2,confirm,measured,1091,0.0012228332778289202,-0.09894445984092132,0.6856095325389548,1.0607643096473753,-0.03757834825030262,0.03553406806609032,3,12
long,3,1.0,2,confirm,measured,976,-0.012197332696507367,-0.10064731623546204,0.6475409836065573,1.0072283990397486,0.03916874707025246,-0.05780087353392084,9,12
short,3,1.0,2,confirm,1.5R,982,-0.0003180841913437726,-0.10125637223605449,0.4083503054989816,1.0185711078722401,-0.0222650635007016,0.019828556971543294,4,12
long,3,0.5,2,confirm,measured,627,-0.011445674819073378,-0.10390290964879281,0.6459330143540671,1.0219920753855198,0.0487933620873,-0.06497132508226658,7,12
short,5,0.5,2,touch,1.5R,591,0.0012203753808931752,-0.1080837257102466,0.40947546531302875,1.042437698365451,-0.060782334999131424,0.05819039823007163,5,12
short,5,1.0,3,touch,1.5R,129,-0.025893186488137473,-0.11534542528442535,0.39534883720930236,1.0537978676539725,-0.004348197124319605,-0.049910551680590214,2,7
short,3,0.5,3,touch,3.5R,147,0.0007884361983153537,-0.1203671453847079,0.25170068027210885,1.0341117125885608,-0.25084952304074604,0.27014737848238113,2,7
short,3,1.0,3,touch,2.5R,305,-0.018930810323011606,-0.1218372995918313,0.30163934426229505,1.013440857525531,-0.0017839845446554184,-0.037120348479781316,4,11
long,5,1.0,2,confirm,measured,622,-0.04610825543314642,-0.122356945447305,0.6045016077170419,0.9299248418120232,0.03298613832074619,-0.11792402399496302,7,12
short,3,1.0,2,touch,3.5R,1107,-0.005639642291969193,-0.12349528344236811,0.2502258355916892,1.0020308996785734,0.014851320055951325,-0.025225526797667052,6,12
short,3,0.5,2,confirm,1.5R,730,-0.018984340909047864,-0.125612107479702,0.4013698630136987,0.9924416505281181,-0.06179922913113841,0.017527848031618203,5,12
short,3,1.0,2,confirm,2.5R,914,-0.025659907600415602,-0.1268172989460336,0.2975929978118162,0.967626415159313,0.01693305249915549,-0.06468113100400588,4,12
short,3,0.5,2,confirm,measured,765,-0.030744703522393398,-0.13692020213639286,0.6679738562091502,0.9330112338728603,-0.07484614101265558,0.005865819944403207,3,12
short,3,0.5,2,touch,3.5R,854,-0.013227863268948618,-0.13720438126246218,0.2447306791569087,0.9886159175682123,-0.04488305795165094,0.014925650586021147,6,12
short,3,0.5,2,confirm,2.5R,695,-0.030806328900631768,-0.1384048874751705,0.297841726618705,0.9588791529471232,-0.06106504953880302,-0.005430629317826789,4,12
short,3,0.5,3,touch,2.5R,148,-0.02221676622148506,-0.14303678581088733,0.304054054054054,0.9897178537524399,-0.21398236112506677,0.1802024728434068,3,7
short,5,1.0,2,confirm,2.5R,605,-0.055570532297658445,-0.14426574441836773,0.2892561983471074,0.9309001746309937,-0.13365028592017988,0.021738697440430256,4,12
short,5,0.5,2,confirm,measured,469,-0.049278906979311844,-0.14503970139409011,0.6460554371002133,0.8979753865263624,-0.1254898165277883,0.02220818586161444,3,11
long,5,0.5,2,confirm,measured,395,-0.0755849962327232,-0.1500519894050386,0.5822784810126582,60631087.909704946,0.0005330314382769457,-0.14332639884902001,5,11
short,3,0.5,3,confirm,1.5R,110,-0.04803881666492653,-0.1525305111771301,0.4,0.9513148295755464,-0.121755848110397,0.03418402610117518,2,6
short,5,1.0,2,confirm,1.5R,633,-0.07487889686197625,-0.16265118785912416,0.37598736176935227,0.9085743831039067,-0.14631526446740353,-0.004562221538765709,3,12
short,3,0.5,3,confirm,2.5R,110,-0.05884463336519276,-0.16333632787739638,0.3090909090909091,0.995909892106573,-0.25535553313162684,0.160340600989676,1,6
short,5,0.5,2,confirm,2.5R,438,-0.0725578780037254,-0.1688862373263213,0.28538812785388123,0.906105045481922,-0.20205268068925017,0.04891512274552792,2,11
long,5,0.5,3,confirm,3.5R,26,-0.08785615212719594,-0.17011032695471034,0.3076923076923077,0.8838939562610122,-0.3545050176368126,0.030654454765966992,1,3
short,3,0.5,3,touch,1.5R,149,-0.051083345175054674,-0.1713519395304813,0.3959731543624161,0.9485555671375564,-0.07013301268163723,-0.03125081462025639,4,7
short,5,1.0,2,touch,3.5R,750,-0.06950483550900227,-0.17259446458259411,0.23866666666666667,0.9231991113178428,-0.12271089812618416,-0.0165817838631884,5,12
long,3,0.5,3,touch,measured,94,-0.06375721160164272,-0.1731478337868808,0.5425531914893618,1.0086595927119881,-0.062056618982171616,-0.06481275184821099,3,6
short,5,0.5,2,confirm,1.5R,452,-0.08969823819682454,-0.18536462525734962,0.37389380530973454,0.8696386150337708,-0.18065763008868566,-0.003443642437301042,1,11
short,5,0.5,2,touch,3.5R,547,-0.07713330231254986,-0.18560477389290228,0.2340036563071298,0.9090490203377183,-0.19688082218181305,0.03622200119358535,3,12
short,3,1.0,2,confirm,3.5R,873,-0.08662675571883903,-0.18798807387429828,0.24054982817869416,0.8922872454055616,-0.1048213261991584,-0.07014040910457586,4,12
short,3,1.0,3,confirm,2.5R,222,-0.10877779537876167,-0.20073733141868985,0.27927927927927926,0.8715469519573442,-0.08741325217951311,-0.13391255208375996,1,9
short,3,1.0,3,touch,3.5R,296,-0.1008593913346658,-0.20559875405602343,0.23648648648648649,0.8941378723548747,-0.13791659818656105,-0.06174345076877644,2,10
short,3,0.5,2,confirm,3.5R,668,-0.10776582854531402,-0.21443835212927406,0.23502994011976047,0.8661836842151116,-0.20451155940260385,-0.025986288096886734,4,12
short,5,1.0,2,confirm,3.5R,585,-0.13044716616387583,-0.21787019839672953,0.2376068376068376,0.842346227587083,-0.25037120612290503,-0.011746840898306108,4,12
short,5,1.0,3,touch,2.5R,128,-0.1330615335062098,-0.2227529842497202,0.265625,0.8482005288945418,-0.1863780990489363,-0.07450071561501845,1,7
short,5,0.5,2,confirm,3.5R,424,-0.1378063827797844,-0.23192102826685976,0.2358490566037736,0.8283487804624701,-0.32326656027393336,0.04078489925161826,1,11
long,5,0.5,3,confirm,2.5R,26,-0.1525727492336726,-0.234826924061187,0.3076923076923077,0.7938653647313741,-0.4795050176368149,-0.007269518832276025,1,3
short,5,1.0,3,confirm,2.5R,95,-0.17146451270175794,-0.25091576102751373,0.25263157894736843,0.7849385085268116,-0.20367741958356528,-0.13567239394419425,1,6
long,5,0.5,3,touch,1.5R,35,-0.15867273071092858,-0.2527068812325046,0.34285714285714286,0.7679295787065401,-0.21550822762343314,-0.13899890485660002,0,3
short,3,0.5,3,confirm,3.5R,108,-0.16341884659786848,-0.2669356394138893,0.23148148148148145,0.8330701803221319,-0.5082787300863597,0.22201278788926884,1,6
long,5,0.5,3,confirm,measured,26,-0.18772488189805908,-0.26997905672557354,0.5384615384615384,0.6105309922725493,-0.33999881328375386,-0.12004757905997253,0,3
long,5,0.5,3,touch,measured,35,-0.19872906170099533,-0.29276321222257135,0.45714285714285713,0.6565168762985724,-0.2675912215258489,-0.1748921602231614,0,3
short,5,1.0,3,touch,3.5R,127,-0.2041370302829545,-0.29379768544774826,0.21259842519685035,0.7547157058242872,-0.2539371623525734,-0.14852688280521337,2,7
short,5,1.0,3,confirm,1.5R,96,-0.22786940860568178,-0.30695929029694335,0.31250000000000006,0.7083956705772025,-0.14255304899326846,-0.3245612828330835,2,6
short,5,1.0,3,confirm,3.5R,95,-0.235210590624175,-0.31466183894993077,0.2,0.716525836697394,-0.31903488387356677,-0.14207248701373976,1,6
short,5,0.5,3,touch,1.5R,37,-0.20889699741278167,-0.3194202902611608,0.32432432432432434,0.9391402435555057,-0.5785994956487696,0.3333333333333339,1,4
short,3,1.0,3,confirm,3.5R,219,-0.2288025422481529,-0.32032336861828653,0.2100456621004566,0.7347104928767485,-0.23966196655174252,-0.21611529405187993,1,9
long,5,0.5,3,confirm,1.5R,26,-0.25161853587355143,-0.33387271070106583,0.3076923076923077,0.654050662599657,-0.4297115200922926,-0.17246609844299976,0,3
long,5,0.5,3,touch,3.5R,35,-0.24393402420387428,-0.3379681747254503,0.22857142857142856,0.7030171062239443,-0.40679993124982183,-0.1875573640725848,1,3
long,5,0.5,3,touch,2.5R,35,-0.25106949122243705,-0.3451036417440131,0.2571428571428571,0.6719385593448975,-0.5179110423609361,-0.15870126198218742,0,3
short,5,0.5,3,touch,2.5R,37,-0.2979903605459789,-0.408513653394358,0.21621621621621623,0.6795900180599821,-0.7738928791000549,0.3999999999999994,1,4
short,5,0.5,3,touch,3.5R,37,-0.40035827431344284,-0.510881567161822,0.16216216216216217,0.5514341890502916,-0.932983788190964,0.3808258127069216,0,4
short,5,0.5,3,confirm,1.5R,29,-0.4213038660124199,-0.5116583622609324,0.24137931034482757,0.5707941429951786,-0.511463795492641,-0.25,1,4
short,5,0.5,3,confirm,2.5R,29,-0.4788370839327122,-0.5691915801812247,0.17241379310344826,0.508373922775308,-0.7571723912657187,0.05,1,4
short,5,0.5,3,confirm,3.5R,29,-0.6512508770361605,-0.741605373284673,0.10344827586206896,0.31033153144960124,-0.9413829175815082,-0.1,0,4
